"ITTER107","Territorio","TIPO_DATO_AVQ","Tipo dato","MISURA_AVQ","Misura","TIME","Seleziona periodo","Value","Flag Codes","Flags"
"IT","Italia","14_FUMO_SI","fumatori","THV","valori in migliaia","2018","2018",10005,,
"IT","Italia","14_FUMO_EX","ex fumatori","THV","valori in migliaia","2018","2018",12342,,
"IT","Italia","14_FUMO_SI","fumatori","HSC","per 100 persone con le stesse caratteristiche","2018","2018",19,,
"IT","Italia","14_FUMO_NO","non fumatori","HSC","per 100 persone con le stesse caratteristiche","2018","2018",56.6,,
"IT","Italia","14_FUMO_NO","non fumatori","THV","valori in migliaia","2018","2018",29821,,
"IT","Italia","14_FUMO_SIGAR_11-20","da 11 a 20 sigarette","HSC","per 100 persone con le stesse caratteristiche","2018","2018",34.4,,
"IT","Italia","14_FUMO_SIGAR_11-20","da 11 a 20 sigarette","THV","valori in migliaia","2018","2018",3370,,
"IT","Italia","14_FUMO_SIGAR_6-10","da 6 a 10 sigarette","HSC","per 100 persone con le stesse caratteristiche","2018","2018",35.7,,
"IT","Italia","14_FUMO_SS","persone di 14 anni e più fumatori che fumano sigarette","HSC","per 100 persone con le stesse caratteristiche","2018","2018",97.8,,
"IT","Italia","14_FUMO_EX","ex fumatori","HSC","per 100 persone con le stesse caratteristiche","2018","2018",23.4,,
"IT","Italia","14_FUMO_SIGAR_GE20","oltre 20 sigarette","HSC","per 100 persone con le stesse caratteristiche","2018","2018",3.7,,
"IT","Italia","14_FUMO_SIGAR_6-10","da 6 a 10 sigarette","THV","valori in migliaia","2018","2018",3496,,
"IT","Italia","14_FUMO_SIGAR_5","fino a 5 sigarette","THV","valori in migliaia","2018","2018",2562,,
"IT","Italia","14_FUMO_SIGAR_5","fino a 5 sigarette","HSC","per 100 persone con le stesse caratteristiche","2018","2018",26.2,,
"IT","Italia","14_FUMO_SS","persone di 14 anni e più fumatori che fumano sigarette","THV","valori in migliaia","2018","2018",9787,,
"IT","Italia","AV14_FUMO_SIGAR","numero medio di sigarette al giorno","HSC","per 100 persone con le stesse caratteristiche","2018","2018",11.1,,
"ITC1","Piemonte","14_FUMO_SIGAR_11-20","da 11 a 20 sigarette","HSC","per 100 persone con le stesse caratteristiche","2018","2018",32.9,,
"ITC3","Liguria","14_FUMO_SIGAR_11-20","da 11 a 20 sigarette","HSC","per 100 persone con le stesse caratteristiche","2018","2018",33.3,,
"ITC","Nord-ovest","14_FUMO_SIGAR_11-20","da 11 a 20 sigarette","HSC","per 100 persone con le stesse caratteristiche","2018","2018",31,,
"IT","Italia","14_FUMO_SIGAR_GE20","oltre 20 sigarette","THV","valori in migliaia","2018","2018",359,,
"ITD","Nord-est","14_FUMO_SIGAR_6-10","da 6 a 10 sigarette","HSC","per 100 persone con le stesse caratteristiche","2018","2018",33.3,,
"ITCD","Nord","14_FUMO_SIGAR_11-20","da 11 a 20 sigarette","HSC","per 100 persone con le stesse caratteristiche","2018","2018",32.2,,
"ITC2","Valle d'Aosta / Vallée d'Aoste","14_FUMO_SIGAR_11-20","da 11 a 20 sigarette","HSC","per 100 persone con le stesse caratteristiche","2018","2018",36.5,,
"ITC4","Lombardia","14_FUMO_SIGAR_GE20","oltre 20 sigarette","HSC","per 100 persone con le stesse caratteristiche","2018","2018",4.5,,
"ITCD","Nord","14_FUMO_SIGAR_GE20","oltre 20 sigarette","HSC","per 100 persone con le stesse caratteristiche","2018","2018",3.7,,
"ITC4","Lombardia","14_FUMO_SIGAR_11-20","da 11 a 20 sigarette","HSC","per 100 persone con le stesse caratteristiche","2018","2018",29.6,,
"ITC1","Piemonte","14_FUMO_SIGAR_GE20","oltre 20 sigarette","HSC","per 100 persone con le stesse caratteristiche","2018","2018",3.6,,
"ITC2","Valle d'Aosta / Vallée d'Aoste","14_FUMO_SIGAR_GE20","oltre 20 sigarette","HSC","per 100 persone con le stesse caratteristiche","2018","2018",4,,
"ITC3","Liguria","14_FUMO_SIGAR_GE20","oltre 20 sigarette","HSC","per 100 persone con le stesse caratteristiche","2018","2018",5.1,,
"ITC","Nord-ovest","14_FUMO_SIGAR_GE20","oltre 20 sigarette","HSC","per 100 persone con le stesse caratteristiche","2018","2018",4.3,,
"ITE4","Lazio","14_FUMO_EX","ex fumatori","HSC","per 100 persone con le stesse caratteristiche","2018","2018",25.1,,
"ITE1","Toscana","14_FUMO_SI","fumatori","HSC","per 100 persone con le stesse caratteristiche","2018","2018",20,,
"3","periferia area metropolitana","14_FUMO_SIGAR_5","fino a 5 sigarette","HSC","per 100 persone con le stesse caratteristiche","2018","2018",26.5,,
"2","centro area metropolitana","14_FUMO_SI","fumatori","HSC","per 100 persone con le stesse caratteristiche","2018","2018",20.4,,
"ITF","Sud","14_FUMO_SIGAR_6-10","da 6 a 10 sigarette","THV","valori in migliaia","2018","2018",785,,
"ITF1","Abruzzo","14_FUMO_EX","ex fumatori","HSC","per 100 persone con le stesse caratteristiche","2018","2018",24,,
"ITC1","Piemonte","14_FUMO_SI","fumatori","THV","valori in migliaia","2018","2018",774,,
"7","2.001 - 10.000 ab.","14_FUMO_SS","persone di 14 anni e più fumatori che fumano sigarette","HSC","per 100 persone con le stesse caratteristiche","2018","2018",98.3,,
"ITE1","Toscana","14_FUMO_SIGAR_5","fino a 5 sigarette","HSC","per 100 persone con le stesse caratteristiche","2018","2018",29.8,,
"2","centro area metropolitana","14_FUMO_SIGAR_5","fino a 5 sigarette","HSC","per 100 persone con le stesse caratteristiche","2018","2018",29,,
"8","10.001 - 50.000 ab.","14_FUMO_SS","persone di 14 anni e più fumatori che fumano sigarette","THV","valori in migliaia","2018","2018",2551,,
"ITC4","Lombardia","AV14_FUMO_SIGAR","numero medio di sigarette al giorno","HSC","per 100 persone con le stesse caratteristiche","2018","2018",10.7,,
"ITE3","Marche","14_FUMO_SI","fumatori","THV","valori in migliaia","2018","2018",273,,
"ITC","Nord-ovest","14_FUMO_SIGAR_5","fino a 5 sigarette","HSC","per 100 persone con le stesse caratteristiche","2018","2018",29.1,,
"ITF2","Molise","14_FUMO_SIGAR_GE20","oltre 20 sigarette","THV","valori in migliaia","2018","2018",2,,
"ITE3","Marche","14_FUMO_SIGAR_11-20","da 11 a 20 sigarette","THV","valori in migliaia","2018","2018",82,,
"ITF5","Basilicata","14_FUMO_SIGAR_6-10","da 6 a 10 sigarette","THV","valori in migliaia","2018","2018",39,,
"ITG","Isole","14_FUMO_SS","persone di 14 anni e più fumatori che fumano sigarette","THV","valori in migliaia","2018","2018",1081,,
"ITF6","Calabria","14_FUMO_SIGAR_5","fino a 5 sigarette","HSC","per 100 persone con le stesse caratteristiche","2018","2018",23.9,,
"ITF5","Basilicata","14_FUMO_SIGAR_GE20","oltre 20 sigarette","HSC","per 100 persone con le stesse caratteristiche","2018","2018",5.8,,
"ITD5","Emilia-Romagna","14_FUMO_SIGAR_5","fino a 5 sigarette","HSC","per 100 persone con le stesse caratteristiche","2018","2018",25.2,,
"ITF4","Puglia","14_FUMO_SIGAR_GE20","oltre 20 sigarette","THV","valori in migliaia","2018","2018",15,,
"ITD5","Emilia-Romagna","14_FUMO_SIGAR_5","fino a 5 sigarette","THV","valori in migliaia","2018","2018",168,,
"ITF6","Calabria","14_FUMO_SIGAR_5","fino a 5 sigarette","THV","valori in migliaia","2018","2018",65,,
"ITD4","Friuli-Venezia Giulia","14_FUMO_SS","persone di 14 anni e più fumatori che fumano sigarette","HSC","per 100 persone con le stesse caratteristiche","2018","2018",98.6,,
"ITD3","Veneto","14_FUMO_SIGAR_6-10","da 6 a 10 sigarette","HSC","per 100 persone con le stesse caratteristiche","2018","2018",35,,
"ITG2","Sardegna","14_FUMO_NO","non fumatori","HSC","per 100 persone con le stesse caratteristiche","2018","2018",52,,
"ITF4","Puglia","14_FUMO_SIGAR_GE20","oltre 20 sigarette","HSC","per 100 persone con le stesse caratteristiche","2018","2018",2.5,,
"6","fino a 2.000 ab.","14_FUMO_EX","ex fumatori","THV","valori in migliaia","2018","2018",660,,
"ITFG","Mezzogiorno","14_FUMO_SI","fumatori","THV","valori in migliaia","2018","2018",3301,,
"ITE1","Toscana","14_FUMO_SIGAR_5","fino a 5 sigarette","THV","valori in migliaia","2018","2018",191,,
"ITG1","Sicilia","14_FUMO_SIGAR_5","fino a 5 sigarette","HSC","per 100 persone con le stesse caratteristiche","2018","2018",19.9,,
"ITE4","Lazio","14_FUMO_SIGAR_6-10","da 6 a 10 sigarette","THV","valori in migliaia","2018","2018",478,,
"ITE","Centro","14_FUMO_SIGAR_5","fino a 5 sigarette","HSC","per 100 persone con le stesse caratteristiche","2018","2018",25.7,,
"ITE4","Lazio","14_FUMO_SIGAR_GE20","oltre 20 sigarette","HSC","per 100 persone con le stesse caratteristiche","2018","2018",2.4,,
"ITG1","Sicilia","14_FUMO_SS","persone di 14 anni e più fumatori che fumano sigarette","THV","valori in migliaia","2018","2018",803,,
"ITFG","Mezzogiorno","14_FUMO_NO","non fumatori","HSC","per 100 persone con le stesse caratteristiche","2018","2018",60.2,,
"ITF4","Puglia","14_FUMO_SS","persone di 14 anni e più fumatori che fumano sigarette","HSC","per 100 persone con le stesse caratteristiche","2018","2018",98.3,,
"ITD4","Friuli-Venezia Giulia","14_FUMO_SS","persone di 14 anni e più fumatori che fumano sigarette","THV","valori in migliaia","2018","2018",172,,
"ITG2","Sardegna","14_FUMO_SIGAR_11-20","da 11 a 20 sigarette","THV","valori in migliaia","2018","2018",107,,
"ITC4","Lombardia","14_FUMO_NO","non fumatori","HSC","per 100 persone con le stesse caratteristiche","2018","2018",55.3,,
"ITE3","Marche","14_FUMO_SIGAR_11-20","da 11 a 20 sigarette","HSC","per 100 persone con le stesse caratteristiche","2018","2018",30.5,,
"ITG2","Sardegna","AV14_FUMO_SIGAR","numero medio di sigarette al giorno","HSC","per 100 persone con le stesse caratteristiche","2018","2018",12,,
"ITFG","Mezzogiorno","14_FUMO_SIGAR_11-20","da 11 a 20 sigarette","THV","valori in migliaia","2018","2018",1234,,
"6","fino a 2.000 ab.","14_FUMO_SIGAR_GE20","oltre 20 sigarette","THV","valori in migliaia","2018","2018",16,,
"ITF3","Campania","14_FUMO_SS","persone di 14 anni e più fumatori che fumano sigarette","THV","valori in migliaia","2018","2018",925,,
"2","centro area metropolitana","14_FUMO_SIGAR_11-20","da 11 a 20 sigarette","THV","valori in migliaia","2018","2018",509,,
"6","fino a 2.000 ab.","14_FUMO_SS","persone di 14 anni e più fumatori che fumano sigarette","THV","valori in migliaia","2018","2018",514,,
"3","periferia area metropolitana","14_FUMO_SI","fumatori","THV","valori in migliaia","2018","2018",1447,,
"ITD3","Veneto","14_FUMO_SIGAR_6-10","da 6 a 10 sigarette","THV","valori in migliaia","2018","2018",245,,
"ITD1","Provincia Autonoma Bolzano / Bozen","14_FUMO_SS","persone di 14 anni e più fumatori che fumano sigarette","HSC","per 100 persone con le stesse caratteristiche","2018","2018",97.2,,
"ITE2","Umbria","14_FUMO_SI","fumatori","THV","valori in migliaia","2018","2018",159,,
"ITF5","Basilicata","14_FUMO_EX","ex fumatori","HSC","per 100 persone con le stesse caratteristiche","2018","2018",20.1,,
"ITC4","Lombardia","14_FUMO_SIGAR_11-20","da 11 a 20 sigarette","THV","valori in migliaia","2018","2018",474,,
"2","centro area metropolitana","14_FUMO_SI","fumatori","THV","valori in migliaia","2018","2018",1627,,
"ITCD","Nord","14_FUMO_SIGAR_5","fino a 5 sigarette","HSC","per 100 persone con le stesse caratteristiche","2018","2018",29.3,,
"ITG","Isole","14_FUMO_SIGAR_5","fino a 5 sigarette","HSC","per 100 persone con le stesse caratteristiche","2018","2018",20.3,,
"ITF1","Abruzzo","14_FUMO_SIGAR_6-10","da 6 a 10 sigarette","THV","valori in migliaia","2018","2018",76,,
"7","2.001 - 10.000 ab.","14_FUMO_SIGAR_GE20","oltre 20 sigarette","THV","valori in migliaia","2018","2018",82,,
"ITF2","Molise","14_FUMO_SS","persone di 14 anni e più fumatori che fumano sigarette","HSC","per 100 persone con le stesse caratteristiche","2018","2018",96.8,,
"ITF4","Puglia","14_FUMO_EX","ex fumatori","THV","valori in migliaia","2018","2018",713,,
"ITF","Sud","14_FUMO_SIGAR_6-10","da 6 a 10 sigarette","HSC","per 100 persone con le stesse caratteristiche","2018","2018",36.4,,
"ITF3","Campania","14_FUMO_SS","persone di 14 anni e più fumatori che fumano sigarette","HSC","per 100 persone con le stesse caratteristiche","2018","2018",98.5,,
"ITD3","Veneto","14_FUMO_EX","ex fumatori","HSC","per 100 persone con le stesse caratteristiche","2018","2018",23.3,,
"9","50.001 ab. e più","14_FUMO_SS","persone di 14 anni e più fumatori che fumano sigarette","THV","valori in migliaia","2018","2018",1553,,
"ITE2","Umbria","14_FUMO_SI","fumatori","HSC","per 100 persone con le stesse caratteristiche","2018","2018",20.5,,
"ITD1","Provincia Autonoma Bolzano / Bozen","14_FUMO_SIGAR_GE20","oltre 20 sigarette","THV","valori in migliaia","2018","2018",2,,
"ITC4","Lombardia","14_FUMO_NO","non fumatori","THV","valori in migliaia","2018","2018",4809,,
"ITC2","Valle d'Aosta / Vallée d'Aoste","14_FUMO_SIGAR_6-10","da 6 a 10 sigarette","THV","valori in migliaia","2018","2018",8,,
"ITF6","Calabria","14_FUMO_SI","fumatori","THV","valori in migliaia","2018","2018",277,,
"7","2.001 - 10.000 ab.","14_FUMO_SS","persone di 14 anni e più fumatori che fumano sigarette","THV","valori in migliaia","2018","2018",2194,,
"2","centro area metropolitana","14_FUMO_SIGAR_5","fino a 5 sigarette","THV","valori in migliaia","2018","2018",455,,
"6","fino a 2.000 ab.","14_FUMO_SS","persone di 14 anni e più fumatori che fumano sigarette","HSC","per 100 persone con le stesse caratteristiche","2018","2018",98.2,,
"ITD1","Provincia Autonoma Bolzano / Bozen","14_FUMO_EX","ex fumatori","THV","valori in migliaia","2018","2018",101,,
"3","periferia area metropolitana","14_FUMO_SI","fumatori","HSC","per 100 persone con le stesse caratteristiche","2018","2018",19.6,,
"ITE","Centro","14_FUMO_SI","fumatori","THV","valori in migliaia","2018","2018",2287,,
"ITC","Nord-ovest","14_FUMO_SS","persone di 14 anni e più fumatori che fumano sigarette","THV","valori in migliaia","2018","2018",2624,,
"9","50.001 ab. e più","14_FUMO_SIGAR_5","fino a 5 sigarette","THV","valori in migliaia","2018","2018",406,,
"ITD1","Provincia Autonoma Bolzano / Bozen","14_FUMO_EX","ex fumatori","HSC","per 100 persone con le stesse caratteristiche","2018","2018",22.8,,
"ITE1","Toscana","14_FUMO_SI","fumatori","THV","valori in migliaia","2018","2018",656,,
"ITE","Centro","14_FUMO_SI","fumatori","HSC","per 100 persone con le stesse caratteristiche","2018","2018",21.7,,
"ITF5","Basilicata","14_FUMO_EX","ex fumatori","THV","valori in migliaia","2018","2018",101,,
"ITE2","Umbria","14_FUMO_SIGAR_5","fino a 5 sigarette","THV","valori in migliaia","2018","2018",36,,
"ITE3","Marche","14_FUMO_NO","non fumatori","THV","valori in migliaia","2018","2018",711,,
"ITF5","Basilicata","14_FUMO_SS","persone di 14 anni e più fumatori che fumano sigarette","HSC","per 100 persone con le stesse caratteristiche","2018","2018",98.8,,
"ITD2","Provincia Autonoma Trento","AV14_FUMO_SIGAR","numero medio di sigarette al giorno","HSC","per 100 persone con le stesse caratteristiche","2018","2018",10,,
"ITFG","Mezzogiorno","14_FUMO_SIGAR_5","fino a 5 sigarette","THV","valori in migliaia","2018","2018",723,,
"ITE3","Marche","AV14_FUMO_SIGAR","numero medio di sigarette al giorno","HSC","per 100 persone con le stesse caratteristiche","2018","2018",11,,
"8","10.001 - 50.000 ab.","14_FUMO_SI","fumatori","HSC","per 100 persone con le stesse caratteristiche","2018","2018",19,,
"ITF1","Abruzzo","14_FUMO_SS","persone di 14 anni e più fumatori che fumano sigarette","THV","valori in migliaia","2018","2018",218,,
"2","centro area metropolitana","14_FUMO_EX","ex fumatori","THV","valori in migliaia","2018","2018",1909,,
"ITC2","Valle d'Aosta / Vallée d'Aoste","14_FUMO_EX","ex fumatori","HSC","per 100 persone con le stesse caratteristiche","2018","2018",25.5,,
"ITF3","Campania","14_FUMO_SIGAR_5","fino a 5 sigarette","THV","valori in migliaia","2018","2018",187,,
"ITE2","Umbria","14_FUMO_NO","non fumatori","HSC","per 100 persone con le stesse caratteristiche","2018","2018",54.6,,
"ITG2","Sardegna","14_FUMO_SIGAR_11-20","da 11 a 20 sigarette","HSC","per 100 persone con le stesse caratteristiche","2018","2018",38.7,,
"ITF6","Calabria","14_FUMO_SIGAR_11-20","da 11 a 20 sigarette","HSC","per 100 persone con le stesse caratteristiche","2018","2018",42.3,,
"ITF5","Basilicata","14_FUMO_SIGAR_GE20","oltre 20 sigarette","THV","valori in migliaia","2018","2018",5,,
"ITD5","Emilia-Romagna","14_FUMO_SIGAR_11-20","da 11 a 20 sigarette","HSC","per 100 persone con le stesse caratteristiche","2018","2018",38.5,,
"ITG1","Sicilia","14_FUMO_SI","fumatori","HSC","per 100 persone con le stesse caratteristiche","2018","2018",18.9,,
"ITE3","Marche","14_FUMO_NO","non fumatori","HSC","per 100 persone con le stesse caratteristiche","2018","2018",52.9,,
"ITE4","Lazio","14_FUMO_SIGAR_6-10","da 6 a 10 sigarette","HSC","per 100 persone con le stesse caratteristiche","2018","2018",41.1,,
"ITE","Centro","14_FUMO_SIGAR_5","fino a 5 sigarette","THV","valori in migliaia","2018","2018",573,,
"ITD","Nord-est","14_FUMO_NO","non fumatori","THV","valori in migliaia","2018","2018",5784,,
"ITF2","Molise","14_FUMO_EX","ex fumatori","THV","valori in migliaia","2018","2018",65,,
"ITD1","Provincia Autonoma Bolzano / Bozen","14_FUMO_SIGAR_GE20","oltre 20 sigarette","HSC","per 100 persone con le stesse caratteristiche","2018","2018",2.2,,
"ITC1","Piemonte","14_FUMO_SIGAR_11-20","da 11 a 20 sigarette","THV","valori in migliaia","2018","2018",247,,
"8","10.001 - 50.000 ab.","14_FUMO_SS","persone di 14 anni e più fumatori che fumano sigarette","HSC","per 100 persone con le stesse caratteristiche","2018","2018",98.4,,
"ITC","Nord-ovest","14_FUMO_SIGAR_5","fino a 5 sigarette","THV","valori in migliaia","2018","2018",764,,
"6","fino a 2.000 ab.","14_FUMO_SIGAR_5","fino a 5 sigarette","HSC","per 100 persone con le stesse caratteristiche","2018","2018",23.2,,
"ITD1","Provincia Autonoma Bolzano / Bozen","14_FUMO_SIGAR_6-10","da 6 a 10 sigarette","THV","valori in migliaia","2018","2018",23,,
"ITFG","Mezzogiorno","14_FUMO_SIGAR_11-20","da 11 a 20 sigarette","HSC","per 100 persone con le stesse caratteristiche","2018","2018",38.1,,
"ITF3","Campania","14_FUMO_SIGAR_5","fino a 5 sigarette","HSC","per 100 persone con le stesse caratteristiche","2018","2018",20.2,,
"ITE2","Umbria","14_FUMO_SIGAR_11-20","da 11 a 20 sigarette","THV","valori in migliaia","2018","2018",61,,
"ITD","Nord-est","AV14_FUMO_SIGAR","numero medio di sigarette al giorno","HSC","per 100 persone con le stesse caratteristiche","2018","2018",10.5,,
"ITD5","Emilia-Romagna","14_FUMO_SI","fumatori","THV","valori in migliaia","2018","2018",677,,
"ITF4","Puglia","14_FUMO_SS","persone di 14 anni e più fumatori che fumano sigarette","THV","valori in migliaia","2018","2018",604,,
"ITC3","Liguria","14_FUMO_SIGAR_6-10","da 6 a 10 sigarette","HSC","per 100 persone con le stesse caratteristiche","2018","2018",33.9,,
"ITF","Sud","14_FUMO_SS","persone di 14 anni e più fumatori che fumano sigarette","HSC","per 100 persone con le stesse caratteristiche","2018","2018",98.4,,
"9","50.001 ab. e più","14_FUMO_SI","fumatori","THV","valori in migliaia","2018","2018",1582,,
"2","centro area metropolitana","14_FUMO_SS","persone di 14 anni e più fumatori che fumano sigarette","HSC","per 100 persone con le stesse caratteristiche","2018","2018",96.5,,
"ITE2","Umbria","AV14_FUMO_SIGAR","numero medio di sigarette al giorno","HSC","per 100 persone con le stesse caratteristiche","2018","2018",12.2,,
"ITG","Isole","14_FUMO_SI","fumatori","THV","valori in migliaia","2018","2018",1107,,
"ITF6","Calabria","14_FUMO_NO","non fumatori","HSC","per 100 persone con le stesse caratteristiche","2018","2018",63.8,,
"ITC1","Piemonte","14_FUMO_NO","non fumatori","THV","valori in migliaia","2018","2018",2070,,
"ITDA","Trentino Alto Adige / Südtirol","14_FUMO_NO","non fumatori","THV","valori in migliaia","2018","2018",515,,
"ITCD","Nord","14_FUMO_SS","persone di 14 anni e più fumatori che fumano sigarette","HSC","per 100 persone con le stesse caratteristiche","2018","2018",97.8,,
"7","2.001 - 10.000 ab.","14_FUMO_SIGAR_5","fino a 5 sigarette","HSC","per 100 persone con le stesse caratteristiche","2018","2018",27.2,,
"ITG","Isole","14_FUMO_SIGAR_5","fino a 5 sigarette","THV","valori in migliaia","2018","2018",220,,
"8","10.001 - 50.000 ab.","14_FUMO_SIGAR_5","fino a 5 sigarette","HSC","per 100 persone con le stesse caratteristiche","2018","2018",24,,
"ITDA","Trentino Alto Adige / Südtirol","14_FUMO_NO","non fumatori","HSC","per 100 persone con le stesse caratteristiche","2018","2018",56.9,,
"ITD","Nord-est","14_FUMO_SIGAR_11-20","da 11 a 20 sigarette","THV","valori in migliaia","2018","2018",579,,
"3","periferia area metropolitana","14_FUMO_SIGAR_11-20","da 11 a 20 sigarette","HSC","per 100 persone con le stesse caratteristiche","2018","2018",31.4,,
"ITF2","Molise","14_FUMO_SS","persone di 14 anni e più fumatori che fumano sigarette","THV","valori in migliaia","2018","2018",45,,
"ITG2","Sardegna","14_FUMO_SI","fumatori","THV","valori in migliaia","2018","2018",281,,
"ITC1","Piemonte","14_FUMO_NO","non fumatori","HSC","per 100 persone con le stesse caratteristiche","2018","2018",54,,
"3","periferia area metropolitana","14_FUMO_SIGAR_5","fino a 5 sigarette","THV","valori in migliaia","2018","2018",372,,
"ITF","Sud","14_FUMO_SS","persone di 14 anni e più fumatori che fumano sigarette","THV","valori in migliaia","2018","2018",2158,,
"ITD5","Emilia-Romagna","14_FUMO_SI","fumatori","HSC","per 100 persone con le stesse caratteristiche","2018","2018",17.5,,
"ITF6","Calabria","14_FUMO_SI","fumatori","HSC","per 100 persone con le stesse caratteristiche","2018","2018",16.2,,
"ITC2","Valle d'Aosta / Vallée d'Aoste","14_FUMO_SIGAR_6-10","da 6 a 10 sigarette","HSC","per 100 persone con le stesse caratteristiche","2018","2018",40,,
"ITD4","Friuli-Venezia Giulia","14_FUMO_EX","ex fumatori","HSC","per 100 persone con le stesse caratteristiche","2018","2018",26.2,,
"ITD3","Veneto","14_FUMO_SS","persone di 14 anni e più fumatori che fumano sigarette","HSC","per 100 persone con le stesse caratteristiche","2018","2018",98.6,,
"ITD2","Provincia Autonoma Trento","14_FUMO_SIGAR_GE20","oltre 20 sigarette","HSC","per 100 persone con le stesse caratteristiche","2018","2018",1.1,,
"ITC2","Valle d'Aosta / Vallée d'Aoste","14_FUMO_NO","non fumatori","HSC","per 100 persone con le stesse caratteristiche","2018","2018",54.7,,
"ITD5","Emilia-Romagna","14_FUMO_SIGAR_GE20","oltre 20 sigarette","HSC","per 100 persone con le stesse caratteristiche","2018","2018",3.4,,
"ITF5","Basilicata","14_FUMO_SIGAR_5","fino a 5 sigarette","HSC","per 100 persone con le stesse caratteristiche","2018","2018",17.5,,
"ITG","Isole","14_FUMO_NO","non fumatori","HSC","per 100 persone con le stesse caratteristiche","2018","2018",58.2,,
"ITFG","Mezzogiorno","14_FUMO_SI","fumatori","HSC","per 100 persone con le stesse caratteristiche","2018","2018",18.3,,
"ITD5","Emilia-Romagna","14_FUMO_SIGAR_GE20","oltre 20 sigarette","THV","valori in migliaia","2018","2018",23,,
"ITF6","Calabria","14_FUMO_NO","non fumatori","THV","valori in migliaia","2018","2018",1090,,
"ITD2","Provincia Autonoma Trento","14_FUMO_NO","non fumatori","THV","valori in migliaia","2018","2018",257,,
"ITE1","Toscana","14_FUMO_SIGAR_11-20","da 11 a 20 sigarette","HSC","per 100 persone con le stesse caratteristiche","2018","2018",33.6,,
"ITD","Nord-est","14_FUMO_SIGAR_6-10","da 6 a 10 sigarette","THV","valori in migliaia","2018","2018",565,,
"ITC3","Liguria","14_FUMO_SI","fumatori","THV","valori in migliaia","2018","2018",261,,
"ITE","Centro","14_FUMO_SIGAR_GE20","oltre 20 sigarette","HSC","per 100 persone con le stesse caratteristiche","2018","2018",3.2,,
"ITCD","Nord","14_FUMO_SIGAR_11-20","da 11 a 20 sigarette","THV","valori in migliaia","2018","2018",1392,,
"8","10.001 - 50.000 ab.","14_FUMO_SIGAR_11-20","da 11 a 20 sigarette","HSC","per 100 persone con le stesse caratteristiche","2018","2018",35.9,,
"ITE1","Toscana","14_FUMO_SIGAR_11-20","da 11 a 20 sigarette","THV","valori in migliaia","2018","2018",216,,
"ITG2","Sardegna","14_FUMO_SI","fumatori","HSC","per 100 persone con le stesse caratteristiche","2018","2018",19.1,,
"ITE","Centro","14_FUMO_SIGAR_11-20","da 11 a 20 sigarette","HSC","per 100 persone con le stesse caratteristiche","2018","2018",33.4,,
"ITDA","Trentino Alto Adige / Südtirol","AV14_FUMO_SIGAR","numero medio di sigarette al giorno","HSC","per 100 persone con le stesse caratteristiche","2018","2018",10.1,,
"ITG1","Sicilia","14_FUMO_SIGAR_5","fino a 5 sigarette","THV","valori in migliaia","2018","2018",160,,
"ITDA","Trentino Alto Adige / Südtirol","14_FUMO_SIGAR_11-20","da 11 a 20 sigarette","THV","valori in migliaia","2018","2018",54,,
"ITC1","Piemonte","AV14_FUMO_SIGAR","numero medio di sigarette al giorno","HSC","per 100 persone con le stesse caratteristiche","2018","2018",11,,
"ITE2","Umbria","14_FUMO_SIGAR_11-20","da 11 a 20 sigarette","HSC","per 100 persone con le stesse caratteristiche","2018","2018",39.5,,
"ITD4","Friuli-Venezia Giulia","14_FUMO_SIGAR_5","fino a 5 sigarette","HSC","per 100 persone con le stesse caratteristiche","2018","2018",28.6,,
"ITF4","Puglia","14_FUMO_SIGAR_6-10","da 6 a 10 sigarette","HSC","per 100 persone con le stesse caratteristiche","2018","2018",35.8,,
"ITD4","Friuli-Venezia Giulia","14_FUMO_SIGAR_6-10","da 6 a 10 sigarette","THV","valori in migliaia","2018","2018",50,,
"ITD5","Emilia-Romagna","14_FUMO_EX","ex fumatori","THV","valori in migliaia","2018","2018",1018,,
"ITE4","Lazio","14_FUMO_SS","persone di 14 anni e più fumatori che fumano sigarette","THV","valori in migliaia","2018","2018",1163,,
"ITF5","Basilicata","14_FUMO_SS","persone di 14 anni e più fumatori che fumano sigarette","THV","valori in migliaia","2018","2018",95,,
"ITC","Nord-ovest","AV14_FUMO_SIGAR","numero medio di sigarette al giorno","HSC","per 100 persone con le stesse caratteristiche","2018","2018",10.8,,
"ITC3","Liguria","14_FUMO_SI","fumatori","HSC","per 100 persone con le stesse caratteristiche","2018","2018",18.9,,
"ITF3","Campania","14_FUMO_SIGAR_6-10","da 6 a 10 sigarette","THV","valori in migliaia","2018","2018",354,,
"ITG","Isole","14_FUMO_SI","fumatori","HSC","per 100 persone con le stesse caratteristiche","2018","2018",19,,
"ITF1","Abruzzo","14_FUMO_SIGAR_6-10","da 6 a 10 sigarette","HSC","per 100 persone con le stesse caratteristiche","2018","2018",34.9,,
"ITD","Nord-est","14_FUMO_NO","non fumatori","HSC","per 100 persone con le stesse caratteristiche","2018","2018",57.3,,
"2","centro area metropolitana","14_FUMO_SIGAR_11-20","da 11 a 20 sigarette","HSC","per 100 persone con le stesse caratteristiche","2018","2018",32.4,,
"8","10.001 - 50.000 ab.","14_FUMO_SIGAR_5","fino a 5 sigarette","THV","valori in migliaia","2018","2018",611,,
"ITDA","Trentino Alto Adige / Südtirol","14_FUMO_EX","ex fumatori","HSC","per 100 persone con le stesse caratteristiche","2018","2018",24.7,,
"ITE1","Toscana","14_FUMO_NO","non fumatori","THV","valori in migliaia","2018","2018",1725,,
"ITG1","Sicilia","14_FUMO_NO","non fumatori","HSC","per 100 persone con le stesse caratteristiche","2018","2018",60.3,,
"ITD4","Friuli-Venezia Giulia","14_FUMO_SIGAR_GE20","oltre 20 sigarette","THV","valori in migliaia","2018","2018",9,,
"3","periferia area metropolitana","14_FUMO_SS","persone di 14 anni e più fumatori che fumano sigarette","THV","valori in migliaia","2018","2018",1404,,
"ITF","Sud","14_FUMO_EX","ex fumatori","THV","valori in migliaia","2018","2018",2410,,
"ITD5","Emilia-Romagna","14_FUMO_SS","persone di 14 anni e più fumatori che fumano sigarette","THV","valori in migliaia","2018","2018",666,,
"ITG1","Sicilia","14_FUMO_NO","non fumatori","THV","valori in migliaia","2018","2018",2631,,
"ITC3","Liguria","AV14_FUMO_SIGAR","numero medio di sigarette al giorno","HSC","per 100 persone con le stesse caratteristiche","2018","2018",11.2,,
"ITE4","Lazio","14_FUMO_SIGAR_GE20","oltre 20 sigarette","THV","valori in migliaia","2018","2018",28,,
"ITE3","Marche","14_FUMO_SIGAR_6-10","da 6 a 10 sigarette","HSC","per 100 persone con le stesse caratteristiche","2018","2018",37.7,,
"ITCD","Nord","14_FUMO_SI","fumatori","THV","valori in migliaia","2018","2018",4416,,
"ITFG","Mezzogiorno","14_FUMO_NO","non fumatori","THV","valori in migliaia","2018","2018",10857,,
"ITD4","Friuli-Venezia Giulia","14_FUMO_SIGAR_6-10","da 6 a 10 sigarette","HSC","per 100 persone con le stesse caratteristiche","2018","2018",29,,
"ITC4","Lombardia","14_FUMO_SIGAR_6-10","da 6 a 10 sigarette","HSC","per 100 persone con le stesse caratteristiche","2018","2018",34.5,,
"3","periferia area metropolitana","14_FUMO_EX","ex fumatori","HSC","per 100 persone con le stesse caratteristiche","2018","2018",25,,
"7","2.001 - 10.000 ab.","14_FUMO_SI","fumatori","HSC","per 100 persone con le stesse caratteristiche","2018","2018",18.7,,
"ITC1","Piemonte","14_FUMO_SS","persone di 14 anni e più fumatori che fumano sigarette","THV","valori in migliaia","2018","2018",750,,
"ITC","Nord-ovest","14_FUMO_SIGAR_11-20","da 11 a 20 sigarette","THV","valori in migliaia","2018","2018",813,,
"ITE1","Toscana","14_FUMO_NO","non fumatori","HSC","per 100 persone con le stesse caratteristiche","2018","2018",52.5,,
"8","10.001 - 50.000 ab.","14_FUMO_SI","fumatori","THV","valori in migliaia","2018","2018",2593,,
"9","50.001 ab. e più","14_FUMO_SIGAR_11-20","da 11 a 20 sigarette","HSC","per 100 persone con le stesse caratteristiche","2018","2018",37.8,,
"ITG2","Sardegna","14_FUMO_SIGAR_6-10","da 6 a 10 sigarette","HSC","per 100 persone con le stesse caratteristiche","2018","2018",35.8,,
"ITC2","Valle d'Aosta / Vallée d'Aoste","AV14_FUMO_SIGAR","numero medio di sigarette al giorno","HSC","per 100 persone con le stesse caratteristiche","2018","2018",11.5,,
"ITC2","Valle d'Aosta / Vallée d'Aoste","14_FUMO_SIGAR_11-20","da 11 a 20 sigarette","THV","valori in migliaia","2018","2018",7,,
"ITC4","Lombardia","14_FUMO_EX","ex fumatori","HSC","per 100 persone con le stesse caratteristiche","2018","2018",24.5,,
"ITC3","Liguria","14_FUMO_SIGAR_11-20","da 11 a 20 sigarette","THV","valori in migliaia","2018","2018",85,,
"9","50.001 ab. e più","14_FUMO_SIGAR_5","fino a 5 sigarette","HSC","per 100 persone con le stesse caratteristiche","2018","2018",26.1,,
"ITCD","Nord","14_FUMO_SS","persone di 14 anni e più fumatori che fumano sigarette","THV","valori in migliaia","2018","2018",4319,,
"ITCD","Nord","14_FUMO_NO","non fumatori","HSC","per 100 persone con le stesse caratteristiche","2018","2018",56,,
"ITE1","Toscana","AV14_FUMO_SIGAR","numero medio di sigarette al giorno","HSC","per 100 persone con le stesse caratteristiche","2018","2018",10.6,,
"7","2.001 - 10.000 ab.","14_FUMO_SIGAR_5","fino a 5 sigarette","THV","valori in migliaia","2018","2018",597,,
"ITF2","Molise","14_FUMO_SIGAR_6-10","da 6 a 10 sigarette","HSC","per 100 persone con le stesse caratteristiche","2018","2018",38.8,,
"ITG1","Sicilia","14_FUMO_SIGAR_11-20","da 11 a 20 sigarette","HSC","per 100 persone con le stesse caratteristiche","2018","2018",42.4,,
"ITD","Nord-est","14_FUMO_EX","ex fumatori","HSC","per 100 persone con le stesse caratteristiche","2018","2018",24.8,,
"ITCD","Nord","AV14_FUMO_SIGAR","numero medio di sigarette al giorno","HSC","per 100 persone con le stesse caratteristiche","2018","2018",10.7,,
"ITF3","Campania","14_FUMO_EX","ex fumatori","HSC","per 100 persone con le stesse caratteristiche","2018","2018",18.5,,
"ITD3","Veneto","14_FUMO_SS","persone di 14 anni e più fumatori che fumano sigarette","THV","valori in migliaia","2018","2018",698,,
"ITD2","Provincia Autonoma Trento","14_FUMO_EX","ex fumatori","HSC","per 100 persone con le stesse caratteristiche","2018","2018",26.5,,
"ITE4","Lazio","14_FUMO_SIGAR_11-20","da 11 a 20 sigarette","HSC","per 100 persone con le stesse caratteristiche","2018","2018",33.2,,
"7","2.001 - 10.000 ab.","14_FUMO_NO","non fumatori","THV","valori in migliaia","2018","2018",6920,,
"ITFG","Mezzogiorno","14_FUMO_EX","ex fumatori","HSC","per 100 persone con le stesse caratteristiche","2018","2018",20.3,,
"6","fino a 2.000 ab.","14_FUMO_NO","non fumatori","HSC","per 100 persone con le stesse caratteristiche","2018","2018",57.6,,
"ITF1","Abruzzo","14_FUMO_SI","fumatori","THV","valori in migliaia","2018","2018",221,,
"ITF","Sud","14_FUMO_SI","fumatori","HSC","per 100 persone con le stesse caratteristiche","2018","2018",18,,
"2","centro area metropolitana","14_FUMO_SIGAR_6-10","da 6 a 10 sigarette","HSC","per 100 persone con le stesse caratteristiche","2018","2018",35.5,,
"ITE2","Umbria","14_FUMO_NO","non fumatori","THV","valori in migliaia","2018","2018",423,,
"ITF5","Basilicata","14_FUMO_SI","fumatori","HSC","per 100 persone con le stesse caratteristiche","2018","2018",19.1,,
"ITD3","Veneto","14_FUMO_SIGAR_GE20","oltre 20 sigarette","THV","valori in migliaia","2018","2018",15,,
"ITD5","Emilia-Romagna","14_FUMO_SS","persone di 14 anni e più fumatori che fumano sigarette","HSC","per 100 persone con le stesse caratteristiche","2018","2018",98.3,,
"2","centro area metropolitana","14_FUMO_SS","persone di 14 anni e più fumatori che fumano sigarette","THV","valori in migliaia","2018","2018",1571,,
"ITF5","Basilicata","14_FUMO_SIGAR_5","fino a 5 sigarette","THV","valori in migliaia","2018","2018",17,,
"ITG","Isole","14_FUMO_NO","non fumatori","THV","valori in migliaia","2018","2018",3395,,
"ITE4","Lazio","14_FUMO_EX","ex fumatori","THV","valori in migliaia","2018","2018",1286,,
"ITE4","Lazio","14_FUMO_SS","persone di 14 anni e più fumatori che fumano sigarette","HSC","per 100 persone con le stesse caratteristiche","2018","2018",96.9,,
"ITD1","Provincia Autonoma Bolzano / Bozen","14_FUMO_SIGAR_5","fino a 5 sigarette","THV","valori in migliaia","2018","2018",27,,
"ITE","Centro","14_FUMO_EX","ex fumatori","THV","valori in migliaia","2018","2018",2696,,
"ITG1","Sicilia","14_FUMO_SIGAR_11-20","da 11 a 20 sigarette","THV","valori in migliaia","2018","2018",341,,
"ITG","Isole","14_FUMO_SIGAR_11-20","da 11 a 20 sigarette","HSC","per 100 persone con le stesse caratteristiche","2018","2018",41.5,,
"3","periferia area metropolitana","14_FUMO_SIGAR_GE20","oltre 20 sigarette","THV","valori in migliaia","2018","2018",60,,
"ITDA","Trentino Alto Adige / Südtirol","14_FUMO_SIGAR_6-10","da 6 a 10 sigarette","THV","valori in migliaia","2018","2018",51,,
"ITF3","Campania","14_FUMO_SIGAR_6-10","da 6 a 10 sigarette","HSC","per 100 persone con le stesse caratteristiche","2018","2018",38.3,,
"3","periferia area metropolitana","14_FUMO_SIGAR_GE20","oltre 20 sigarette","HSC","per 100 persone con le stesse caratteristiche","2018","2018",4.3,,
"ITD2","Provincia Autonoma Trento","14_FUMO_EX","ex fumatori","THV","valori in migliaia","2018","2018",122,,
"ITE","Centro","14_FUMO_SIGAR_GE20","oltre 20 sigarette","THV","valori in migliaia","2018","2018",71,,
"ITD1","Provincia Autonoma Bolzano / Bozen","14_FUMO_SIGAR_5","fino a 5 sigarette","HSC","per 100 persone con le stesse caratteristiche","2018","2018",33.5,,
"7","2.001 - 10.000 ab.","14_FUMO_SIGAR_11-20","da 11 a 20 sigarette","HSC","per 100 persone con le stesse caratteristiche","2018","2018",33.5,,
"ITC","Nord-ovest","14_FUMO_NO","non fumatori","THV","valori in migliaia","2018","2018",7710,,
"ITD2","Provincia Autonoma Trento","14_FUMO_SIGAR_6-10","da 6 a 10 sigarette","THV","valori in migliaia","2018","2018",29,,
"ITF4","Puglia","14_FUMO_SIGAR_6-10","da 6 a 10 sigarette","THV","valori in migliaia","2018","2018",216,,
"ITF3","Campania","14_FUMO_SIGAR_GE20","oltre 20 sigarette","HSC","per 100 persone con le stesse caratteristiche","2018","2018",4.7,,
"ITF2","Molise","14_FUMO_SIGAR_GE20","oltre 20 sigarette","HSC","per 100 persone con le stesse caratteristiche","2018","2018",4.2,,
"ITC4","Lombardia","14_FUMO_SIGAR_GE20","oltre 20 sigarette","THV","valori in migliaia","2018","2018",72,,
"ITF6","Calabria","14_FUMO_SIGAR_6-10","da 6 a 10 sigarette","THV","valori in migliaia","2018","2018",82,,
"9","50.001 ab. e più","AV14_FUMO_SIGAR","numero medio di sigarette al giorno","HSC","per 100 persone con le stesse caratteristiche","2018","2018",11.1,,
"ITG","Isole","AV14_FUMO_SIGAR","numero medio di sigarette al giorno","HSC","per 100 persone con le stesse caratteristiche","2018","2018",12.2,,
"ITG2","Sardegna","14_FUMO_NO","non fumatori","THV","valori in migliaia","2018","2018",764,,
"ITD3","Veneto","14_FUMO_SIGAR_GE20","oltre 20 sigarette","HSC","per 100 persone con le stesse caratteristiche","2018","2018",2.1,,
"ITF3","Campania","14_FUMO_SIGAR_GE20","oltre 20 sigarette","THV","valori in migliaia","2018","2018",44,,
"ITC1","Piemonte","14_FUMO_SIGAR_5","fino a 5 sigarette","THV","valori in migliaia","2018","2018",189,,
"ITC3","Liguria","14_FUMO_NO","non fumatori","HSC","per 100 persone con le stesse caratteristiche","2018","2018",55.8,,
"ITF4","Puglia","14_FUMO_EX","ex fumatori","HSC","per 100 persone con le stesse caratteristiche","2018","2018",20.2,,
"ITC3","Liguria","14_FUMO_NO","non fumatori","THV","valori in migliaia","2018","2018",772,,
"ITD4","Friuli-Venezia Giulia","14_FUMO_SIGAR_GE20","oltre 20 sigarette","HSC","per 100 persone con le stesse caratteristiche","2018","2018",5.1,,
"6","fino a 2.000 ab.","14_FUMO_SIGAR_GE20","oltre 20 sigarette","HSC","per 100 persone con le stesse caratteristiche","2018","2018",3.1,,
"ITD2","Provincia Autonoma Trento","14_FUMO_SIGAR_6-10","da 6 a 10 sigarette","HSC","per 100 persone con le stesse caratteristiche","2018","2018",36.7,,
"ITF3","Campania","14_FUMO_EX","ex fumatori","THV","valori in migliaia","2018","2018",930,,
"ITD1","Provincia Autonoma Bolzano / Bozen","14_FUMO_SS","persone di 14 anni e più fumatori che fumano sigarette","THV","valori in migliaia","2018","2018",81,,
"6","fino a 2.000 ab.","14_FUMO_SIGAR_6-10","da 6 a 10 sigarette","THV","valori in migliaia","2018","2018",198,,
"ITF1","Abruzzo","14_FUMO_SIGAR_GE20","oltre 20 sigarette","HSC","per 100 persone con le stesse caratteristiche","2018","2018",3.6,,
"ITDA","Trentino Alto Adige / Südtirol","14_FUMO_SIGAR_6-10","da 6 a 10 sigarette","HSC","per 100 persone con le stesse caratteristiche","2018","2018",32.5,,
"3","periferia area metropolitana","14_FUMO_EX","ex fumatori","THV","valori in migliaia","2018","2018",1848,,
"ITC","Nord-ovest","14_FUMO_NO","non fumatori","HSC","per 100 persone con le stesse caratteristiche","2018","2018",55,,
"ITF","Sud","14_FUMO_SIGAR_GE20","oltre 20 sigarette","THV","valori in migliaia","2018","2018",84,,
"9","50.001 ab. e più","14_FUMO_SI","fumatori","HSC","per 100 persone con le stesse caratteristiche","2018","2018",17.8,,
"ITG1","Sicilia","14_FUMO_SI","fumatori","THV","valori in migliaia","2018","2018",826,,
"ITE4","Lazio","14_FUMO_SIGAR_5","fino a 5 sigarette","HSC","per 100 persone con le stesse caratteristiche","2018","2018",23.4,,
"ITG","Isole","14_FUMO_SIGAR_11-20","da 11 a 20 sigarette","THV","valori in migliaia","2018","2018",448,,
"ITF6","Calabria","AV14_FUMO_SIGAR","numero medio di sigarette al giorno","HSC","per 100 persone con le stesse caratteristiche","2018","2018",12.1,,
"2","centro area metropolitana","14_FUMO_SIGAR_GE20","oltre 20 sigarette","THV","valori in migliaia","2018","2018",49,,
"ITF1","Abruzzo","14_FUMO_SS","persone di 14 anni e più fumatori che fumano sigarette","HSC","per 100 persone con le stesse caratteristiche","2018","2018",98.6,,
"ITF6","Calabria","14_FUMO_SIGAR_11-20","da 11 a 20 sigarette","THV","valori in migliaia","2018","2018",114,,
"ITD2","Provincia Autonoma Trento","14_FUMO_SIGAR_5","fino a 5 sigarette","HSC","per 100 persone con le stesse caratteristiche","2018","2018",29.9,,
"ITC2","Valle d'Aosta / Vallée d'Aoste","14_FUMO_SIGAR_5","fino a 5 sigarette","HSC","per 100 persone con le stesse caratteristiche","2018","2018",19.5,,
"ITD4","Friuli-Venezia Giulia","14_FUMO_NO","non fumatori","THV","valori in migliaia","2018","2018",607,,
"ITF4","Puglia","14_FUMO_NO","non fumatori","HSC","per 100 persone con le stesse caratteristiche","2018","2018",61,,
"ITE2","Umbria","14_FUMO_SIGAR_6-10","da 6 a 10 sigarette","HSC","per 100 persone con le stesse caratteristiche","2018","2018",31.3,,
"ITF5","Basilicata","14_FUMO_SI","fumatori","THV","valori in migliaia","2018","2018",96,,
"ITC3","Liguria","14_FUMO_SS","persone di 14 anni e più fumatori che fumano sigarette","HSC","per 100 persone con le stesse caratteristiche","2018","2018",97.7,,
"ITG2","Sardegna","14_FUMO_SIGAR_GE20","oltre 20 sigarette","HSC","per 100 persone con le stesse caratteristiche","2018","2018",4,,
"ITD4","Friuli-Venezia Giulia","14_FUMO_EX","ex fumatori","THV","valori in migliaia","2018","2018",280,,
"ITC2","Valle d'Aosta / Vallée d'Aoste","14_FUMO_NO","non fumatori","THV","valori in migliaia","2018","2018",60,,
"9","50.001 ab. e più","14_FUMO_SIGAR_11-20","da 11 a 20 sigarette","THV","valori in migliaia","2018","2018",587,,
"ITC3","Liguria","14_FUMO_SS","persone di 14 anni e più fumatori che fumano sigarette","THV","valori in migliaia","2018","2018",255,,
"ITE4","Lazio","14_FUMO_SI","fumatori","THV","valori in migliaia","2018","2018",1199,,
"ITF4","Puglia","AV14_FUMO_SIGAR","numero medio di sigarette al giorno","HSC","per 100 persone con le stesse caratteristiche","2018","2018",10.5,,
"ITE3","Marche","14_FUMO_EX","ex fumatori","HSC","per 100 persone con le stesse caratteristiche","2018","2018",25.4,,
"ITF4","Puglia","14_FUMO_SIGAR_11-20","da 11 a 20 sigarette","THV","valori in migliaia","2018","2018",200,,
"8","10.001 - 50.000 ab.","14_FUMO_SIGAR_11-20","da 11 a 20 sigarette","THV","valori in migliaia","2018","2018",917,,
"ITC1","Piemonte","14_FUMO_SI","fumatori","HSC","per 100 persone con le stesse caratteristiche","2018","2018",20.2,,
"9","50.001 ab. e più","14_FUMO_NO","non fumatori","HSC","per 100 persone con le stesse caratteristiche","2018","2018",57,,
"8","10.001 - 50.000 ab.","AV14_FUMO_SIGAR","numero medio di sigarette al giorno","HSC","per 100 persone con le stesse caratteristiche","2018","2018",11.5,,
"ITE1","Toscana","14_FUMO_SIGAR_6-10","da 6 a 10 sigarette","HSC","per 100 persone con le stesse caratteristiche","2018","2018",33,,
"ITG2","Sardegna","14_FUMO_EX","ex fumatori","THV","valori in migliaia","2018","2018",407,,
"ITD3","Veneto","14_FUMO_SIGAR_5","fino a 5 sigarette","THV","valori in migliaia","2018","2018",235,,
"6","fino a 2.000 ab.","14_FUMO_SIGAR_6-10","da 6 a 10 sigarette","HSC","per 100 persone con le stesse caratteristiche","2018","2018",38.5,,
"ITF","Sud","14_FUMO_EX","ex fumatori","HSC","per 100 persone con le stesse caratteristiche","2018","2018",19.8,,
"ITE","Centro","14_FUMO_SS","persone di 14 anni e più fumatori che fumano sigarette","THV","valori in migliaia","2018","2018",2229,,
"3","periferia area metropolitana","14_FUMO_SS","persone di 14 anni e più fumatori che fumano sigarette","HSC","per 100 persone con le stesse caratteristiche","2018","2018",97,,
"ITC4","Lombardia","14_FUMO_SIGAR_6-10","da 6 a 10 sigarette","THV","valori in migliaia","2018","2018",552,,
"ITC","Nord-ovest","14_FUMO_SI","fumatori","THV","valori in migliaia","2018","2018",2694,,
"ITF2","Molise","14_FUMO_EX","ex fumatori","HSC","per 100 persone con le stesse caratteristiche","2018","2018",23.8,,
"ITF5","Basilicata","14_FUMO_SIGAR_11-20","da 11 a 20 sigarette","THV","valori in migliaia","2018","2018",34,,
"ITD3","Veneto","14_FUMO_SIGAR_11-20","da 11 a 20 sigarette","HSC","per 100 persone con le stesse caratteristiche","2018","2018",29.3,,
"ITC4","Lombardia","14_FUMO_SS","persone di 14 anni e più fumatori che fumano sigarette","THV","valori in migliaia","2018","2018",1599,,
"ITE3","Marche","14_FUMO_SIGAR_GE20","oltre 20 sigarette","THV","valori in migliaia","2018","2018",13,,
"ITE2","Umbria","14_FUMO_EX","ex fumatori","HSC","per 100 persone con le stesse caratteristiche","2018","2018",24.6,,
"ITC2","Valle d'Aosta / Vallée d'Aoste","14_FUMO_SI","fumatori","THV","valori in migliaia","2018","2018",21,,
"ITE2","Umbria","14_FUMO_EX","ex fumatori","THV","valori in migliaia","2018","2018",191,,
"6","fino a 2.000 ab.","14_FUMO_EX","ex fumatori","HSC","per 100 persone con le stesse caratteristiche","2018","2018",23.1,,
"9","50.001 ab. e più","14_FUMO_NO","non fumatori","THV","valori in migliaia","2018","2018",5054,,
"ITD3","Veneto","14_FUMO_EX","ex fumatori","THV","valori in migliaia","2018","2018",988,,
"7","2.001 - 10.000 ab.","14_FUMO_SIGAR_11-20","da 11 a 20 sigarette","THV","valori in migliaia","2018","2018",736,,
"ITE","Centro","14_FUMO_SS","persone di 14 anni e più fumatori che fumano sigarette","HSC","per 100 persone con le stesse caratteristiche","2018","2018",97.4,,
"ITCD","Nord","14_FUMO_SIGAR_5","fino a 5 sigarette","THV","valori in migliaia","2018","2018",1266,,
"ITC","Nord-ovest","14_FUMO_SI","fumatori","HSC","per 100 persone con le stesse caratteristiche","2018","2018",19.2,,
"8","10.001 - 50.000 ab.","14_FUMO_NO","non fumatori","HSC","per 100 persone con le stesse caratteristiche","2018","2018",57.2,,
"ITFG","Mezzogiorno","AV14_FUMO_SIGAR","numero medio di sigarette al giorno","HSC","per 100 persone con le stesse caratteristiche","2018","2018",11.8,,
"ITF","Sud","14_FUMO_SIGAR_GE20","oltre 20 sigarette","HSC","per 100 persone con le stesse caratteristiche","2018","2018",3.9,,
"ITF3","Campania","14_FUMO_NO","non fumatori","THV","valori in migliaia","2018","2018",3111,,
"ITG2","Sardegna","14_FUMO_SIGAR_GE20","oltre 20 sigarette","THV","valori in migliaia","2018","2018",11,,
"ITD3","Veneto","14_FUMO_SI","fumatori","THV","valori in migliaia","2018","2018",708,,
"ITD1","Provincia Autonoma Bolzano / Bozen","AV14_FUMO_SIGAR","numero medio di sigarette al giorno","HSC","per 100 persone con le stesse caratteristiche","2018","2018",10.2,,
"ITD1","Provincia Autonoma Bolzano / Bozen","14_FUMO_SIGAR_11-20","da 11 a 20 sigarette","THV","valori in migliaia","2018","2018",29,,
"ITF2","Molise","AV14_FUMO_SIGAR","numero medio di sigarette al giorno","HSC","per 100 persone con le stesse caratteristiche","2018","2018",11.2,,
"ITCD","Nord","14_FUMO_SI","fumatori","HSC","per 100 persone con le stesse caratteristiche","2018","2018",18.3,,
"ITF1","Abruzzo","14_FUMO_EX","ex fumatori","THV","valori in migliaia","2018","2018",278,,
"7","2.001 - 10.000 ab.","14_FUMO_NO","non fumatori","HSC","per 100 persone con le stesse caratteristiche","2018","2018",58,,
"7","2.001 - 10.000 ab.","14_FUMO_SI","fumatori","THV","valori in migliaia","2018","2018",2233,,
"ITC3","Liguria","14_FUMO_SIGAR_5","fino a 5 sigarette","THV","valori in migliaia","2018","2018",71,,
"ITD1","Provincia Autonoma Bolzano / Bozen","14_FUMO_SIGAR_11-20","da 11 a 20 sigarette","HSC","per 100 persone con le stesse caratteristiche","2018","2018",35.9,,
"ITE3","Marche","14_FUMO_EX","ex fumatori","THV","valori in migliaia","2018","2018",341,,
"ITF5","Basilicata","14_FUMO_NO","non fumatori","HSC","per 100 persone con le stesse caratteristiche","2018","2018",58.5,,
"ITDA","Trentino Alto Adige / Südtirol","14_FUMO_SIGAR_GE20","oltre 20 sigarette","HSC","per 100 persone con le stesse caratteristiche","2018","2018",1.7,,
"ITG2","Sardegna","14_FUMO_SIGAR_6-10","da 6 a 10 sigarette","THV","valori in migliaia","2018","2018",99,,
"ITE3","Marche","14_FUMO_SS","persone di 14 anni e più fumatori che fumano sigarette","HSC","per 100 persone con le stesse caratteristiche","2018","2018",98.5,,
"ITD1","Provincia Autonoma Bolzano / Bozen","14_FUMO_NO","non fumatori","HSC","per 100 persone con le stesse caratteristiche","2018","2018",58.1,,
"ITD1","Provincia Autonoma Bolzano / Bozen","14_FUMO_SI","fumatori","THV","valori in migliaia","2018","2018",83,,
"ITD2","Provincia Autonoma Trento","14_FUMO_SS","persone di 14 anni e più fumatori che fumano sigarette","HSC","per 100 persone con le stesse caratteristiche","2018","2018",97.8,,
"ITC2","Valle d'Aosta / Vallée d'Aoste","14_FUMO_SIGAR_5","fino a 5 sigarette","THV","valori in migliaia","2018","2018",4,,
"ITF4","Puglia","14_FUMO_NO","non fumatori","THV","valori in migliaia","2018","2018",2160,,
"6","fino a 2.000 ab.","AV14_FUMO_SIGAR","numero medio di sigarette al giorno","HSC","per 100 persone con le stesse caratteristiche","2018","2018",11.3,,
"9","50.001 ab. e più","14_FUMO_SIGAR_6-10","da 6 a 10 sigarette","HSC","per 100 persone con le stesse caratteristiche","2018","2018",33.3,,
"ITD2","Provincia Autonoma Trento","14_FUMO_SIGAR_GE20","oltre 20 sigarette","THV","valori in migliaia","2018","2018",1,,
"ITD","Nord-est","14_FUMO_SIGAR_GE20","oltre 20 sigarette","HSC","per 100 persone con le stesse caratteristiche","2018","2018",2.9,,
"ITC1","Piemonte","14_FUMO_SIGAR_GE20","oltre 20 sigarette","THV","valori in migliaia","2018","2018",27,,
"ITDA","Trentino Alto Adige / Südtirol","14_FUMO_SIGAR_GE20","oltre 20 sigarette","THV","valori in migliaia","2018","2018",3,,
"ITD3","Veneto","14_FUMO_SIGAR_5","fino a 5 sigarette","HSC","per 100 persone con le stesse caratteristiche","2018","2018",33.6,,
"ITE","Centro","14_FUMO_EX","ex fumatori","HSC","per 100 persone con le stesse caratteristiche","2018","2018",25.6,,
"3","periferia area metropolitana","14_FUMO_SIGAR_6-10","da 6 a 10 sigarette","THV","valori in migliaia","2018","2018",531,,
"ITD5","Emilia-Romagna","14_FUMO_SIGAR_6-10","da 6 a 10 sigarette","THV","valori in migliaia","2018","2018",219,,
"ITE4","Lazio","14_FUMO_SIGAR_5","fino a 5 sigarette","THV","valori in migliaia","2018","2018",272,,
"ITC3","Liguria","14_FUMO_EX","ex fumatori","HSC","per 100 persone con le stesse caratteristiche","2018","2018",24.5,,
"ITD4","Friuli-Venezia Giulia","14_FUMO_SI","fumatori","THV","valori in migliaia","2018","2018",175,,
"ITG2","Sardegna","14_FUMO_SIGAR_5","fino a 5 sigarette","HSC","per 100 persone con le stesse caratteristiche","2018","2018",21.6,,
"ITF4","Puglia","14_FUMO_SIGAR_5","fino a 5 sigarette","HSC","per 100 persone con le stesse caratteristiche","2018","2018",28.5,,
"ITD4","Friuli-Venezia Giulia","14_FUMO_SIGAR_5","fino a 5 sigarette","THV","valori in migliaia","2018","2018",49,,
"ITE2","Umbria","14_FUMO_SS","persone di 14 anni e più fumatori che fumano sigarette","HSC","per 100 persone con le stesse caratteristiche","2018","2018",97,,
"ITC1","Piemonte","14_FUMO_EX","ex fumatori","HSC","per 100 persone con le stesse caratteristiche","2018","2018",25.3,,
"8","10.001 - 50.000 ab.","14_FUMO_NO","non fumatori","THV","valori in migliaia","2018","2018",7797,,
"ITD","Nord-est","14_FUMO_SS","persone di 14 anni e più fumatori che fumano sigarette","THV","valori in migliaia","2018","2018",1695,,
"ITF","Sud","14_FUMO_SIGAR_11-20","da 11 a 20 sigarette","HSC","per 100 persone con le stesse caratteristiche","2018","2018",36.4,,
"ITFG","Mezzogiorno","14_FUMO_SIGAR_GE20","oltre 20 sigarette","HSC","per 100 persone con le stesse caratteristiche","2018","2018",3.9,,
"ITF","Sud","14_FUMO_SIGAR_5","fino a 5 sigarette","THV","valori in migliaia","2018","2018",504,,
"ITF2","Molise","14_FUMO_NO","non fumatori","THV","valori in migliaia","2018","2018",159,,
"ITDA","Trentino Alto Adige / Südtirol","14_FUMO_SS","persone di 14 anni e più fumatori che fumano sigarette","HSC","per 100 persone con le stesse caratteristiche","2018","2018",97.5,,
"ITF1","Abruzzo","14_FUMO_SIGAR_5","fino a 5 sigarette","HSC","per 100 persone con le stesse caratteristiche","2018","2018",24,,
"ITDA","Trentino Alto Adige / Südtirol","14_FUMO_EX","ex fumatori","THV","valori in migliaia","2018","2018",224,,
"ITD","Nord-est","14_FUMO_SIGAR_GE20","oltre 20 sigarette","THV","valori in migliaia","2018","2018",49,,
"ITC1","Piemonte","14_FUMO_SS","persone di 14 anni e più fumatori che fumano sigarette","HSC","per 100 persone con le stesse caratteristiche","2018","2018",96.9,,
"ITD4","Friuli-Venezia Giulia","14_FUMO_SIGAR_11-20","da 11 a 20 sigarette","HSC","per 100 persone con le stesse caratteristiche","2018","2018",37.3,,
"3","periferia area metropolitana","14_FUMO_NO","non fumatori","HSC","per 100 persone con le stesse caratteristiche","2018","2018",54.3,,
"ITG1","Sicilia","14_FUMO_EX","ex fumatori","HSC","per 100 persone con le stesse caratteristiche","2018","2018",19.5,,
"ITE1","Toscana","14_FUMO_EX","ex fumatori","THV","valori in migliaia","2018","2018",878,,
"ITD3","Veneto","AV14_FUMO_SIGAR","numero medio di sigarette al giorno","HSC","per 100 persone con le stesse caratteristiche","2018","2018",9.7,,
"ITC2","Valle d'Aosta / Vallée d'Aoste","14_FUMO_SS","persone di 14 anni e più fumatori che fumano sigarette","THV","valori in migliaia","2018","2018",20,,
"ITF6","Calabria","14_FUMO_SS","persone di 14 anni e più fumatori che fumano sigarette","HSC","per 100 persone con le stesse caratteristiche","2018","2018",97.8,,
"ITE2","Umbria","14_FUMO_SIGAR_GE20","oltre 20 sigarette","THV","valori in migliaia","2018","2018",8,,
"ITF6","Calabria","14_FUMO_EX","ex fumatori","THV","valori in migliaia","2018","2018",323,,
"ITE3","Marche","14_FUMO_SIGAR_5","fino a 5 sigarette","THV","valori in migliaia","2018","2018",73,,
"ITF5","Basilicata","14_FUMO_SIGAR_6-10","da 6 a 10 sigarette","HSC","per 100 persone con le stesse caratteristiche","2018","2018",41.1,,
"ITC4","Lombardia","14_FUMO_SI","fumatori","THV","valori in migliaia","2018","2018",1638,,
"ITG2","Sardegna","14_FUMO_EX","ex fumatori","HSC","per 100 persone con le stesse caratteristiche","2018","2018",27.7,,
"ITF6","Calabria","14_FUMO_SIGAR_6-10","da 6 a 10 sigarette","HSC","per 100 persone con le stesse caratteristiche","2018","2018",30.2,,
"ITF1","Abruzzo","14_FUMO_SI","fumatori","HSC","per 100 persone con le stesse caratteristiche","2018","2018",19.1,,
"ITC1","Piemonte","14_FUMO_EX","ex fumatori","THV","valori in migliaia","2018","2018",971,,
"ITC2","Valle d'Aosta / Vallée d'Aoste","14_FUMO_SI","fumatori","HSC","per 100 persone con le stesse caratteristiche","2018","2018",18.7,,
"ITE1","Toscana","14_FUMO_SS","persone di 14 anni e più fumatori che fumano sigarette","HSC","per 100 persone con le stesse caratteristiche","2018","2018",98,,
"ITG","Isole","14_FUMO_SIGAR_GE20","oltre 20 sigarette","HSC","per 100 persone con le stesse caratteristiche","2018","2018",3.9,,
"ITF2","Molise","14_FUMO_SI","fumatori","HSC","per 100 persone con le stesse caratteristiche","2018","2018",17,,
"ITD2","Provincia Autonoma Trento","14_FUMO_SIGAR_11-20","da 11 a 20 sigarette","THV","valori in migliaia","2018","2018",25,,
"ITDA","Trentino Alto Adige / Südtirol","14_FUMO_SI","fumatori","HSC","per 100 persone con le stesse caratteristiche","2018","2018",18,,
"ITF3","Campania","14_FUMO_SI","fumatori","HSC","per 100 persone con le stesse caratteristiche","2018","2018",18.7,,
"ITF6","Calabria","14_FUMO_SIGAR_GE20","oltre 20 sigarette","HSC","per 100 persone con le stesse caratteristiche","2018","2018",3.6,,
"ITC4","Lombardia","14_FUMO_SIGAR_5","fino a 5 sigarette","THV","valori in migliaia","2018","2018",501,,
"ITD5","Emilia-Romagna","14_FUMO_NO","non fumatori","HSC","per 100 persone con le stesse caratteristiche","2018","2018",55.8,,
"ITF6","Calabria","14_FUMO_SS","persone di 14 anni e più fumatori che fumano sigarette","THV","valori in migliaia","2018","2018",271,,
"ITD3","Veneto","14_FUMO_SIGAR_11-20","da 11 a 20 sigarette","THV","valori in migliaia","2018","2018",204,,
"ITC3","Liguria","14_FUMO_EX","ex fumatori","THV","valori in migliaia","2018","2018",339,,
"ITF4","Puglia","14_FUMO_SI","fumatori","THV","valori in migliaia","2018","2018",614,,
"ITF3","Campania","AV14_FUMO_SIGAR","numero medio di sigarette al giorno","HSC","per 100 persone con le stesse caratteristiche","2018","2018",12,,
"ITE4","Lazio","14_FUMO_NO","non fumatori","HSC","per 100 persone con le stesse caratteristiche","2018","2018",50.9,,
"ITF5","Basilicata","AV14_FUMO_SIGAR","numero medio di sigarette al giorno","HSC","per 100 persone con le stesse caratteristiche","2018","2018",12.2,,
"3","periferia area metropolitana","14_FUMO_SIGAR_6-10","da 6 a 10 sigarette","HSC","per 100 persone con le stesse caratteristiche","2018","2018",37.8,,
"ITFG","Mezzogiorno","14_FUMO_SIGAR_6-10","da 6 a 10 sigarette","THV","valori in migliaia","2018","2018",1156,,
"2","centro area metropolitana","14_FUMO_EX","ex fumatori","HSC","per 100 persone con le stesse caratteristiche","2018","2018",23.9,,
"ITD5","Emilia-Romagna","14_FUMO_SIGAR_6-10","da 6 a 10 sigarette","HSC","per 100 persone con le stesse caratteristiche","2018","2018",32.9,,
"ITG1","Sicilia","14_FUMO_SIGAR_6-10","da 6 a 10 sigarette","THV","valori in migliaia","2018","2018",272,,
"ITE","Centro","14_FUMO_SIGAR_6-10","da 6 a 10 sigarette","THV","valori in migliaia","2018","2018",840,,
"ITG2","Sardegna","14_FUMO_SS","persone di 14 anni e più fumatori che fumano sigarette","THV","valori in migliaia","2018","2018",278,,
"ITE3","Marche","14_FUMO_SI","fumatori","HSC","per 100 persone con le stesse caratteristiche","2018","2018",20.4,,
"ITD","Nord-est","14_FUMO_SIGAR_11-20","da 11 a 20 sigarette","HSC","per 100 persone con le stesse caratteristiche","2018","2018",34.1,,
"2","centro area metropolitana","AV14_FUMO_SIGAR","numero medio di sigarette al giorno","HSC","per 100 persone con le stesse caratteristiche","2018","2018",10.6,,
"ITF","Sud","AV14_FUMO_SIGAR","numero medio di sigarette al giorno","HSC","per 100 persone con le stesse caratteristiche","2018","2018",11.6,,
"9","50.001 ab. e più","14_FUMO_SIGAR_6-10","da 6 a 10 sigarette","THV","valori in migliaia","2018","2018",518,,
"ITC2","Valle d'Aosta / Vallée d'Aoste","14_FUMO_EX","ex fumatori","THV","valori in migliaia","2018","2018",28,,
"ITD","Nord-est","14_FUMO_SIGAR_5","fino a 5 sigarette","THV","valori in migliaia","2018","2018",502,,
"ITD3","Veneto","14_FUMO_NO","non fumatori","THV","valori in migliaia","2018","2018",2498,,
"ITG","Isole","14_FUMO_SIGAR_6-10","da 6 a 10 sigarette","THV","valori in migliaia","2018","2018",371,,
"ITF1","Abruzzo","14_FUMO_NO","non fumatori","HSC","per 100 persone con le stesse caratteristiche","2018","2018",56,,
"6","fino a 2.000 ab.","14_FUMO_SI","fumatori","THV","valori in migliaia","2018","2018",523,,
"ITE","Centro","14_FUMO_NO","non fumatori","THV","valori in migliaia","2018","2018",5470,,
"ITE2","Umbria","14_FUMO_SIGAR_6-10","da 6 a 10 sigarette","THV","valori in migliaia","2018","2018",48,,
"ITE3","Marche","14_FUMO_SIGAR_6-10","da 6 a 10 sigarette","THV","valori in migliaia","2018","2018",101,,
"ITF4","Puglia","14_FUMO_SIGAR_5","fino a 5 sigarette","THV","valori in migliaia","2018","2018",172,,
"ITDA","Trentino Alto Adige / Südtirol","14_FUMO_SIGAR_11-20","da 11 a 20 sigarette","HSC","per 100 persone con le stesse caratteristiche","2018","2018",34.1,,
"ITG1","Sicilia","14_FUMO_SIGAR_GE20","oltre 20 sigarette","HSC","per 100 persone con le stesse caratteristiche","2018","2018",3.9,,
"ITE1","Toscana","14_FUMO_SIGAR_GE20","oltre 20 sigarette","THV","valori in migliaia","2018","2018",23,,
"ITG2","Sardegna","14_FUMO_SIGAR_5","fino a 5 sigarette","THV","valori in migliaia","2018","2018",60,,
"ITF2","Molise","14_FUMO_SIGAR_5","fino a 5 sigarette","THV","valori in migliaia","2018","2018",11,,
"ITD4","Friuli-Venezia Giulia","14_FUMO_SI","fumatori","HSC","per 100 persone con le stesse caratteristiche","2018","2018",16.4,,
"ITD1","Provincia Autonoma Bolzano / Bozen","14_FUMO_SIGAR_6-10","da 6 a 10 sigarette","HSC","per 100 persone con le stesse caratteristiche","2018","2018",28.4,,
"ITF3","Campania","14_FUMO_SIGAR_11-20","da 11 a 20 sigarette","HSC","per 100 persone con le stesse caratteristiche","2018","2018",36.8,,
"ITG","Isole","14_FUMO_SIGAR_6-10","da 6 a 10 sigarette","HSC","per 100 persone con le stesse caratteristiche","2018","2018",34.3,,
"ITD1","Provincia Autonoma Bolzano / Bozen","14_FUMO_SI","fumatori","HSC","per 100 persone con le stesse caratteristiche","2018","2018",18.7,,
"ITE1","Toscana","14_FUMO_EX","ex fumatori","HSC","per 100 persone con le stesse caratteristiche","2018","2018",26.7,,
"ITD","Nord-est","14_FUMO_SI","fumatori","THV","valori in migliaia","2018","2018",1722,,
"ITD5","Emilia-Romagna","AV14_FUMO_SIGAR","numero medio di sigarette al giorno","HSC","per 100 persone con le stesse caratteristiche","2018","2018",11.3,,
"ITCD","Nord","14_FUMO_EX","ex fumatori","THV","valori in migliaia","2018","2018",5981,,
"ITC3","Liguria","14_FUMO_SIGAR_GE20","oltre 20 sigarette","THV","valori in migliaia","2018","2018",13,,
"ITD4","Friuli-Venezia Giulia","14_FUMO_NO","non fumatori","HSC","per 100 persone con le stesse caratteristiche","2018","2018",56.9,,
"ITC2","Valle d'Aosta / Vallée d'Aoste","14_FUMO_SS","persone di 14 anni e più fumatori che fumano sigarette","HSC","per 100 persone con le stesse caratteristiche","2018","2018",99.1,,
"ITC","Nord-ovest","14_FUMO_SIGAR_GE20","oltre 20 sigarette","THV","valori in migliaia","2018","2018",113,,
"8","10.001 - 50.000 ab.","14_FUMO_SIGAR_6-10","da 6 a 10 sigarette","HSC","per 100 persone con le stesse caratteristiche","2018","2018",35.8,,
"ITF4","Puglia","14_FUMO_SI","fumatori","HSC","per 100 persone con le stesse caratteristiche","2018","2018",17.4,,
"ITC","Nord-ovest","14_FUMO_EX","ex fumatori","HSC","per 100 persone con le stesse caratteristiche","2018","2018",24.8,,
"ITD2","Provincia Autonoma Trento","14_FUMO_SI","fumatori","HSC","per 100 persone con le stesse caratteristiche","2018","2018",17.2,,
"ITF3","Campania","14_FUMO_SIGAR_11-20","da 11 a 20 sigarette","THV","valori in migliaia","2018","2018",340,,
"ITG2","Sardegna","14_FUMO_SS","persone di 14 anni e più fumatori che fumano sigarette","HSC","per 100 persone con le stesse caratteristiche","2018","2018",98.8,,
"ITE4","Lazio","14_FUMO_NO","non fumatori","THV","valori in migliaia","2018","2018",2611,,
"8","10.001 - 50.000 ab.","14_FUMO_EX","ex fumatori","THV","valori in migliaia","2018","2018",3117,,
"7","2.001 - 10.000 ab.","14_FUMO_EX","ex fumatori","HSC","per 100 persone con le stesse caratteristiche","2018","2018",22.2,,
"ITF1","Abruzzo","14_FUMO_SIGAR_GE20","oltre 20 sigarette","THV","valori in migliaia","2018","2018",8,,
"ITC1","Piemonte","14_FUMO_SIGAR_5","fino a 5 sigarette","HSC","per 100 persone con le stesse caratteristiche","2018","2018",25.2,,
"ITF2","Molise","14_FUMO_SIGAR_6-10","da 6 a 10 sigarette","THV","valori in migliaia","2018","2018",18,,
"ITG1","Sicilia","AV14_FUMO_SIGAR","numero medio di sigarette al giorno","HSC","per 100 persone con le stesse caratteristiche","2018","2018",12.3,,
"ITC1","Piemonte","14_FUMO_SIGAR_6-10","da 6 a 10 sigarette","THV","valori in migliaia","2018","2018",288,,
"ITF1","Abruzzo","14_FUMO_SIGAR_11-20","da 11 a 20 sigarette","HSC","per 100 persone con le stesse caratteristiche","2018","2018",37.5,,
"ITD3","Veneto","14_FUMO_SI","fumatori","HSC","per 100 persone con le stesse caratteristiche","2018","2018",16.7,,
"8","10.001 - 50.000 ab.","14_FUMO_SIGAR_GE20","oltre 20 sigarette","THV","valori in migliaia","2018","2018",109,,
"ITC","Nord-ovest","14_FUMO_SIGAR_6-10","da 6 a 10 sigarette","THV","valori in migliaia","2018","2018",934,,
"ITD2","Provincia Autonoma Trento","14_FUMO_SIGAR_5","fino a 5 sigarette","THV","valori in migliaia","2018","2018",23,,
"ITE2","Umbria","14_FUMO_SS","persone di 14 anni e più fumatori che fumano sigarette","THV","valori in migliaia","2018","2018",154,,
"ITF2","Molise","14_FUMO_SIGAR_11-20","da 11 a 20 sigarette","HSC","per 100 persone con le stesse caratteristiche","2018","2018",33.5,,
"3","periferia area metropolitana","14_FUMO_SIGAR_11-20","da 11 a 20 sigarette","THV","valori in migliaia","2018","2018",440,,
"ITF","Sud","14_FUMO_NO","non fumatori","THV","valori in migliaia","2018","2018",7462,,
"8","10.001 - 50.000 ab.","14_FUMO_EX","ex fumatori","HSC","per 100 persone con le stesse caratteristiche","2018","2018",22.9,,
"ITC4","Lombardia","14_FUMO_SIGAR_5","fino a 5 sigarette","HSC","per 100 persone con le stesse caratteristiche","2018","2018",31.3,,
"ITFG","Mezzogiorno","14_FUMO_SIGAR_5","fino a 5 sigarette","HSC","per 100 persone con le stesse caratteristiche","2018","2018",22.3,,
"ITE","Centro","14_FUMO_NO","non fumatori","HSC","per 100 persone con le stesse caratteristiche","2018","2018",52,,
"ITG1","Sicilia","14_FUMO_SIGAR_GE20","oltre 20 sigarette","THV","valori in migliaia","2018","2018",31,,
"ITF2","Molise","14_FUMO_SIGAR_11-20","da 11 a 20 sigarette","THV","valori in migliaia","2018","2018",15,,
"ITC1","Piemonte","14_FUMO_SIGAR_6-10","da 6 a 10 sigarette","HSC","per 100 persone con le stesse caratteristiche","2018","2018",38.4,,
"ITF","Sud","14_FUMO_SIGAR_11-20","da 11 a 20 sigarette","THV","valori in migliaia","2018","2018",785,,
"ITFG","Mezzogiorno","14_FUMO_SIGAR_GE20","oltre 20 sigarette","THV","valori in migliaia","2018","2018",126,,
"ITCD","Nord","14_FUMO_SIGAR_6-10","da 6 a 10 sigarette","THV","valori in migliaia","2018","2018",1500,,
"9","50.001 ab. e più","14_FUMO_SIGAR_GE20","oltre 20 sigarette","HSC","per 100 persone con le stesse caratteristiche","2018","2018",2.8,,
"7","2.001 - 10.000 ab.","AV14_FUMO_SIGAR","numero medio di sigarette al giorno","HSC","per 100 persone con le stesse caratteristiche","2018","2018",11.1,,
"ITC","Nord-ovest","14_FUMO_SIGAR_6-10","da 6 a 10 sigarette","HSC","per 100 persone con le stesse caratteristiche","2018","2018",35.6,,
"ITE","Centro","14_FUMO_SIGAR_6-10","da 6 a 10 sigarette","HSC","per 100 persone con le stesse caratteristiche","2018","2018",37.7,,
"ITD","Nord-est","14_FUMO_SS","persone di 14 anni e più fumatori che fumano sigarette","HSC","per 100 persone con le stesse caratteristiche","2018","2018",98.4,,
"6","fino a 2.000 ab.","14_FUMO_NO","non fumatori","THV","valori in migliaia","2018","2018",1647,,
"ITF2","Molise","14_FUMO_NO","non fumatori","HSC","per 100 persone con le stesse caratteristiche","2018","2018",58,,
"ITD1","Provincia Autonoma Bolzano / Bozen","14_FUMO_NO","non fumatori","THV","valori in migliaia","2018","2018",258,,
"ITE4","Lazio","14_FUMO_SIGAR_11-20","da 11 a 20 sigarette","THV","valori in migliaia","2018","2018",386,,
"ITFG","Mezzogiorno","14_FUMO_EX","ex fumatori","THV","valori in migliaia","2018","2018",3665,,
"ITF5","Basilicata","14_FUMO_SIGAR_11-20","da 11 a 20 sigarette","HSC","per 100 persone con le stesse caratteristiche","2018","2018",35.6,,
"ITC4","Lombardia","14_FUMO_EX","ex fumatori","THV","valori in migliaia","2018","2018",2132,,
"ITD3","Veneto","14_FUMO_NO","non fumatori","HSC","per 100 persone con le stesse caratteristiche","2018","2018",58.8,,
"ITDA","Trentino Alto Adige / Südtirol","14_FUMO_SIGAR_5","fino a 5 sigarette","THV","valori in migliaia","2018","2018",50,,
"ITCD","Nord","14_FUMO_SIGAR_6-10","da 6 a 10 sigarette","HSC","per 100 persone con le stesse caratteristiche","2018","2018",34.7,,
"7","2.001 - 10.000 ab.","14_FUMO_SIGAR_GE20","oltre 20 sigarette","HSC","per 100 persone con le stesse caratteristiche","2018","2018",3.7,,
"ITF1","Abruzzo","AV14_FUMO_SIGAR","numero medio di sigarette al giorno","HSC","per 100 persone con le stesse caratteristiche","2018","2018",11.6,,
"ITD","Nord-est","14_FUMO_SIGAR_5","fino a 5 sigarette","HSC","per 100 persone con le stesse caratteristiche","2018","2018",29.6,,
"7","2.001 - 10.000 ab.","14_FUMO_SIGAR_6-10","da 6 a 10 sigarette","THV","valori in migliaia","2018","2018",779,,
"2","centro area metropolitana","14_FUMO_NO","non fumatori","THV","valori in migliaia","2018","2018",4386,,
"6","fino a 2.000 ab.","14_FUMO_SI","fumatori","HSC","per 100 persone con le stesse caratteristiche","2018","2018",18.3,,
"ITD5","Emilia-Romagna","14_FUMO_SIGAR_11-20","da 11 a 20 sigarette","THV","valori in migliaia","2018","2018",256,,
"9","50.001 ab. e più","14_FUMO_SS","persone di 14 anni e più fumatori che fumano sigarette","HSC","per 100 persone con le stesse caratteristiche","2018","2018",98.2,,
"3","periferia area metropolitana","AV14_FUMO_SIGAR","numero medio di sigarette al giorno","HSC","per 100 persone con le stesse caratteristiche","2018","2018",11,,
"ITFG","Mezzogiorno","14_FUMO_SS","persone di 14 anni e più fumatori che fumano sigarette","THV","valori in migliaia","2018","2018",3239,,
"6","fino a 2.000 ab.","14_FUMO_SIGAR_11-20","da 11 a 20 sigarette","THV","valori in migliaia","2018","2018",180,,
"9","50.001 ab. e più","14_FUMO_EX","ex fumatori","THV","valori in migliaia","2018","2018",2155,,
"ITD2","Provincia Autonoma Trento","14_FUMO_SIGAR_11-20","da 11 a 20 sigarette","HSC","per 100 persone con le stesse caratteristiche","2018","2018",32.3,,
"ITDA","Trentino Alto Adige / Südtirol","14_FUMO_SS","persone di 14 anni e più fumatori che fumano sigarette","THV","valori in migliaia","2018","2018",158,,
"2","centro area metropolitana","14_FUMO_SIGAR_6-10","da 6 a 10 sigarette","THV","valori in migliaia","2018","2018",557,,
"ITG","Isole","14_FUMO_EX","ex fumatori","THV","valori in migliaia","2018","2018",1255,,
"ITF1","Abruzzo","14_FUMO_SIGAR_11-20","da 11 a 20 sigarette","THV","valori in migliaia","2018","2018",82,,
"ITG","Isole","14_FUMO_SS","persone di 14 anni e più fumatori che fumano sigarette","HSC","per 100 persone con le stesse caratteristiche","2018","2018",97.7,,
"ITC4","Lombardia","14_FUMO_SS","persone di 14 anni e più fumatori che fumano sigarette","HSC","per 100 persone con le stesse caratteristiche","2018","2018",97.6,,
"ITF6","Calabria","14_FUMO_EX","ex fumatori","HSC","per 100 persone con le stesse caratteristiche","2018","2018",18.9,,
"ITC3","Liguria","14_FUMO_SIGAR_5","fino a 5 sigarette","HSC","per 100 persone con le stesse caratteristiche","2018","2018",27.7,,
"ITE2","Umbria","14_FUMO_SIGAR_GE20","oltre 20 sigarette","HSC","per 100 persone con le stesse caratteristiche","2018","2018",5.5,,
"ITF5","Basilicata","14_FUMO_NO","non fumatori","THV","valori in migliaia","2018","2018",294,,
"2","centro area metropolitana","14_FUMO_SIGAR_GE20","oltre 20 sigarette","HSC","per 100 persone con le stesse caratteristiche","2018","2018",3.1,,
"ITD2","Provincia Autonoma Trento","14_FUMO_SS","persone di 14 anni e più fumatori che fumano sigarette","THV","valori in migliaia","2018","2018",78,,
"ITG1","Sicilia","14_FUMO_SIGAR_6-10","da 6 a 10 sigarette","HSC","per 100 persone con le stesse caratteristiche","2018","2018",33.8,,
"ITCD","Nord","14_FUMO_NO","non fumatori","THV","valori in migliaia","2018","2018",13494,,
"ITE1","Toscana","14_FUMO_SIGAR_6-10","da 6 a 10 sigarette","THV","valori in migliaia","2018","2018",212,,
"ITE1","Toscana","14_FUMO_SIGAR_GE20","oltre 20 sigarette","HSC","per 100 persone con le stesse caratteristiche","2018","2018",3.6,,
"ITFG","Mezzogiorno","14_FUMO_SIGAR_6-10","da 6 a 10 sigarette","HSC","per 100 persone con le stesse caratteristiche","2018","2018",35.7,,
"ITF","Sud","14_FUMO_SIGAR_5","fino a 5 sigarette","HSC","per 100 persone con le stesse caratteristiche","2018","2018",23.3,,
"ITF1","Abruzzo","14_FUMO_SIGAR_5","fino a 5 sigarette","THV","valori in migliaia","2018","2018",52,,
"ITD5","Emilia-Romagna","14_FUMO_EX","ex fumatori","HSC","per 100 persone con le stesse caratteristiche","2018","2018",26.2,,
"ITE3","Marche","14_FUMO_SIGAR_GE20","oltre 20 sigarette","HSC","per 100 persone con le stesse caratteristiche","2018","2018",4.7,,
"ITE4","Lazio","14_FUMO_SI","fumatori","HSC","per 100 persone con le stesse caratteristiche","2018","2018",23.4,,
"ITD","Nord-est","14_FUMO_EX","ex fumatori","THV","valori in migliaia","2018","2018",2510,,
"7","2.001 - 10.000 ab.","14_FUMO_SIGAR_6-10","da 6 a 10 sigarette","HSC","per 100 persone con le stesse caratteristiche","2018","2018",35.5,,
"ITC","Nord-ovest","14_FUMO_EX","ex fumatori","THV","valori in migliaia","2018","2018",3471,,
"ITD2","Provincia Autonoma Trento","14_FUMO_NO","non fumatori","HSC","per 100 persone con le stesse caratteristiche","2018","2018",55.7,,
"ITCD","Nord","14_FUMO_SIGAR_GE20","oltre 20 sigarette","THV","valori in migliaia","2018","2018",162,,
"8","10.001 - 50.000 ab.","14_FUMO_SIGAR_6-10","da 6 a 10 sigarette","THV","valori in migliaia","2018","2018",914,,
"ITE","Centro","AV14_FUMO_SIGAR","numero medio di sigarette al giorno","HSC","per 100 persone con le stesse caratteristiche","2018","2018",10.9,,
"ITD2","Provincia Autonoma Trento","14_FUMO_SI","fumatori","THV","valori in migliaia","2018","2018",79,,
"ITC3","Liguria","14_FUMO_SIGAR_6-10","da 6 a 10 sigarette","THV","valori in migliaia","2018","2018",87,,
"ITE3","Marche","14_FUMO_SS","persone di 14 anni e più fumatori che fumano sigarette","THV","valori in migliaia","2018","2018",269,,
"ITF6","Calabria","14_FUMO_SIGAR_GE20","oltre 20 sigarette","THV","valori in migliaia","2018","2018",10,,
"2","centro area metropolitana","14_FUMO_NO","non fumatori","HSC","per 100 persone con le stesse caratteristiche","2018","2018",54.9,,
"6","fino a 2.000 ab.","14_FUMO_SIGAR_5","fino a 5 sigarette","THV","valori in migliaia","2018","2018",119,,
"ITC","Nord-ovest","14_FUMO_SS","persone di 14 anni e più fumatori che fumano sigarette","HSC","per 100 persone con le stesse caratteristiche","2018","2018",97.4,,
"ITD","Nord-est","14_FUMO_SI","fumatori","HSC","per 100 persone con le stesse caratteristiche","2018","2018",17,,
"9","50.001 ab. e più","14_FUMO_EX","ex fumatori","HSC","per 100 persone con le stesse caratteristiche","2018","2018",24.3,,
"ITE","Centro","14_FUMO_SIGAR_11-20","da 11 a 20 sigarette","THV","valori in migliaia","2018","2018",745,,
"ITF3","Campania","14_FUMO_SI","fumatori","THV","valori in migliaia","2018","2018",939,,
"ITF2","Molise","14_FUMO_SIGAR_5","fino a 5 sigarette","HSC","per 100 persone con le stesse caratteristiche","2018","2018",23.5,,
"ITDA","Trentino Alto Adige / Südtirol","14_FUMO_SI","fumatori","THV","valori in migliaia","2018","2018",163,,
"ITF1","Abruzzo","14_FUMO_NO","non fumatori","THV","valori in migliaia","2018","2018",648,,
"ITG1","Sicilia","14_FUMO_EX","ex fumatori","THV","valori in migliaia","2018","2018",848,,
"ITG","Isole","14_FUMO_EX","ex fumatori","HSC","per 100 persone con le stesse caratteristiche","2018","2018",21.5,,
"ITC2","Valle d'Aosta / Vallée d'Aoste","14_FUMO_SIGAR_GE20","oltre 20 sigarette","THV","valori in migliaia","2018","2018",1,,
"ITF","Sud","14_FUMO_SI","fumatori","THV","valori in migliaia","2018","2018",2194,,
"ITF3","Campania","14_FUMO_NO","non fumatori","HSC","per 100 persone con le stesse caratteristiche","2018","2018",62,,
"6","fino a 2.000 ab.","14_FUMO_SIGAR_11-20","da 11 a 20 sigarette","HSC","per 100 persone con le stesse caratteristiche","2018","2018",35.1,,
"7","2.001 - 10.000 ab.","14_FUMO_EX","ex fumatori","THV","valori in migliaia","2018","2018",2652,,
"9","50.001 ab. e più","14_FUMO_SIGAR_GE20","oltre 20 sigarette","THV","valori in migliaia","2018","2018",43,,
"ITG1","Sicilia","14_FUMO_SS","persone di 14 anni e più fumatori che fumano sigarette","HSC","per 100 persone con le stesse caratteristiche","2018","2018",97.3,,
"8","10.001 - 50.000 ab.","14_FUMO_SIGAR_GE20","oltre 20 sigarette","HSC","per 100 persone con le stesse caratteristiche","2018","2018",4.3,,
"ITD5","Emilia-Romagna","14_FUMO_NO","non fumatori","THV","valori in migliaia","2018","2018",2163,,
"ITE2","Umbria","14_FUMO_SIGAR_5","fino a 5 sigarette","HSC","per 100 persone con le stesse caratteristiche","2018","2018",23.6,,
"ITD4","Friuli-Venezia Giulia","AV14_FUMO_SIGAR","numero medio di sigarette al giorno","HSC","per 100 persone con le stesse caratteristiche","2018","2018",11.2,,
"ITE3","Marche","14_FUMO_SIGAR_5","fino a 5 sigarette","HSC","per 100 persone con le stesse caratteristiche","2018","2018",27.2,,
"ITD4","Friuli-Venezia Giulia","14_FUMO_SIGAR_11-20","da 11 a 20 sigarette","THV","valori in migliaia","2018","2018",64,,
"ITF4","Puglia","14_FUMO_SIGAR_11-20","da 11 a 20 sigarette","HSC","per 100 persone con le stesse caratteristiche","2018","2018",33.1,,
"3","periferia area metropolitana","14_FUMO_NO","non fumatori","THV","valori in migliaia","2018","2018",4017,,
"ITC4","Lombardia","14_FUMO_SI","fumatori","HSC","per 100 persone con le stesse caratteristiche","2018","2018",18.9,,
"ITE1","Toscana","14_FUMO_SS","persone di 14 anni e più fumatori che fumano sigarette","THV","valori in migliaia","2018","2018",643,,
"ITG","Isole","14_FUMO_SIGAR_GE20","oltre 20 sigarette","THV","valori in migliaia","2018","2018",42,,
"ITE4","Lazio","AV14_FUMO_SIGAR","numero medio di sigarette al giorno","HSC","per 100 persone con le stesse caratteristiche","2018","2018",10.8,,
"ITDA","Trentino Alto Adige / Südtirol","14_FUMO_SIGAR_5","fino a 5 sigarette","HSC","per 100 persone con le stesse caratteristiche","2018","2018",31.7,,
"ITFG","Mezzogiorno","14_FUMO_SS","persone di 14 anni e più fumatori che fumano sigarette","HSC","per 100 persone con le stesse caratteristiche","2018","2018",98.1,,
"ITF2","Molise","14_FUMO_SI","fumatori","THV","valori in migliaia","2018","2018",47,,
"ITF","Sud","14_FUMO_NO","non fumatori","HSC","per 100 persone con le stesse caratteristiche","2018","2018",61.2,,
"ITCD","Nord","14_FUMO_EX","ex fumatori","HSC","per 100 persone con le stesse caratteristiche","2018","2018",24.8,,
