"ITTER107","Territory","TIPO_DATO_AVQ","Data type","MISURA_AVQ","Measure","SEXISTAT1","Gender","TIME","Select time","Value","Flag Codes","Flags"
"IT","Italy","18_BMI_SOTTO","underweight","THV","thousands value","1","males","2017","2017",183,,
"IT","Italy","18_BMI_SOTTO","underweight","THV","thousands value","1","males","2018","2018",196,,
"IT","Italy","18_BMI_NORMO","normal weight","THV","thousands value","1","males","2017","2017",10755,,
"IT","Italy","18_BMI_NORMO","normal weight","THV","thousands value","1","males","2018","2018",10665,,
"IT","Italy","18_BMI_SOVRA","overweight","THV","thousands value","1","males","2017","2017",10398,,
"IT","Italy","18_BMI_SOVRA","overweight","THV","thousands value","1","males","2018","2018",10542,,
"IT","Italy","18_BMI_OBE","obese","THV","thousands value","1","males","2017","2017",2851,,
"IT","Italy","18_BMI_OBE","obese","THV","thousands value","1","males","2018","2018",2837,,
"IT","Italy","18_BMI_SOTTO","underweight","THV","thousands value","2","females","2017","2017",1386,,
"IT","Italy","18_BMI_SOTTO","underweight","THV","thousands value","2","females","2018","2018",1385,,
"IT","Italy","18_BMI_NORMO","normal weight","THV","thousands value","2","females","2017","2017",14903,,
"IT","Italy","18_BMI_NORMO","normal weight","THV","thousands value","2","females","2018","2018",14857,,
"IT","Italy","18_BMI_SOVRA","overweight","THV","thousands value","2","females","2017","2017",7448,,
"IT","Italy","18_BMI_SOVRA","overweight","THV","thousands value","2","females","2018","2018",7264,,
"IT","Italy","18_BMI_OBE","obese","THV","thousands value","2","females","2017","2017",2465,,
"IT","Italy","18_BMI_OBE","obese","THV","thousands value","2","females","2018","2018",2541,,
"IT","Italy","18_BMI_SOTTO","underweight","THV","thousands value","9","total","2017","2017",1569,,
"IT","Italy","18_BMI_SOTTO","underweight","THV","thousands value","9","total","2018","2018",1581,,
"IT","Italy","18_BMI_NORMO","normal weight","THV","thousands value","9","total","2017","2017",25658,,
"IT","Italy","18_BMI_NORMO","normal weight","THV","thousands value","9","total","2018","2018",25522,,
"IT","Italy","18_BMI_SOVRA","overweight","THV","thousands value","9","total","2017","2017",17846,,
"IT","Italy","18_BMI_SOVRA","overweight","THV","thousands value","9","total","2018","2018",17805,,
"IT","Italy","18_BMI_OBE","obese","THV","thousands value","9","total","2017","2017",5316,,
"IT","Italy","18_BMI_OBE","obese","THV","thousands value","9","total","2018","2018",5378,,
"IT","Italy","18_BMI_SOTTO","underweight","HSC","per 100 people with the same characteristics","1","males","2017","2017",0.8,,
"IT","Italy","18_BMI_SOTTO","underweight","HSC","per 100 people with the same characteristics","1","males","2018","2018",0.8,,
"IT","Italy","18_BMI_NORMO","normal weight","HSC","per 100 people with the same characteristics","1","males","2017","2017",44.5,,
"IT","Italy","18_BMI_NORMO","normal weight","HSC","per 100 people with the same characteristics","1","males","2018","2018",44,,
"IT","Italy","18_BMI_SOVRA","overweight","HSC","per 100 people with the same characteristics","1","males","2017","2017",43,,
"IT","Italy","18_BMI_SOVRA","overweight","HSC","per 100 people with the same characteristics","1","males","2018","2018",43.5,,
"IT","Italy","18_BMI_OBE","obese","HSC","per 100 people with the same characteristics","1","males","2017","2017",11.8,,
"IT","Italy","18_BMI_OBE","obese","HSC","per 100 people with the same characteristics","1","males","2018","2018",11.7,,
"IT","Italy","18_BMI_SOTTO","underweight","HSC","per 100 people with the same characteristics","2","females","2017","2017",5.3,,
"IT","Italy","18_BMI_SOTTO","underweight","HSC","per 100 people with the same characteristics","2","females","2018","2018",5.3,,
"IT","Italy","18_BMI_NORMO","normal weight","HSC","per 100 people with the same characteristics","2","females","2017","2017",56.9,,
"IT","Italy","18_BMI_NORMO","normal weight","HSC","per 100 people with the same characteristics","2","females","2018","2018",57,,
"IT","Italy","18_BMI_SOVRA","overweight","HSC","per 100 people with the same characteristics","2","females","2017","2017",28.4,,
"IT","Italy","18_BMI_SOVRA","overweight","HSC","per 100 people with the same characteristics","2","females","2018","2018",27.9,,
"IT","Italy","18_BMI_OBE","obese","HSC","per 100 people with the same characteristics","2","females","2017","2017",9.4,,
"IT","Italy","18_BMI_OBE","obese","HSC","per 100 people with the same characteristics","2","females","2018","2018",9.8,,
"IT","Italy","18_BMI_SOTTO","underweight","HSC","per 100 people with the same characteristics","9","total","2017","2017",3.1,,
"IT","Italy","18_BMI_SOTTO","underweight","HSC","per 100 people with the same characteristics","9","total","2018","2018",3.1,,
"IT","Italy","18_BMI_NORMO","normal weight","HSC","per 100 people with the same characteristics","9","total","2017","2017",50.9,,
"IT","Italy","18_BMI_NORMO","normal weight","HSC","per 100 people with the same characteristics","9","total","2018","2018",50.8,,
"IT","Italy","18_BMI_SOVRA","overweight","HSC","per 100 people with the same characteristics","9","total","2017","2017",35.4,,
"IT","Italy","18_BMI_SOVRA","overweight","HSC","per 100 people with the same characteristics","9","total","2018","2018",35.4,,
"IT","Italy","18_BMI_OBE","obese","HSC","per 100 people with the same characteristics","9","total","2017","2017",10.5,,
"IT","Italy","18_BMI_OBE","obese","HSC","per 100 people with the same characteristics","9","total","2018","2018",10.7,,
"ITCD","Nord","18_BMI_SOTTO","underweight","THV","thousands value","9","total","2017","2017",871,,
"ITCD","Nord","18_BMI_SOTTO","underweight","THV","thousands value","9","total","2018","2018",888,,
"ITCD","Nord","18_BMI_NORMO","normal weight","THV","thousands value","9","total","2017","2017",12075,,
"ITCD","Nord","18_BMI_NORMO","normal weight","THV","thousands value","9","total","2018","2018",12086,,
"ITCD","Nord","18_BMI_SOVRA","overweight","THV","thousands value","9","total","2017","2017",7760,,
"ITCD","Nord","18_BMI_SOVRA","overweight","THV","thousands value","9","total","2018","2018",7618,,
"ITCD","Nord","18_BMI_OBE","obese","THV","thousands value","9","total","2017","2017",2393,,
"ITCD","Nord","18_BMI_OBE","obese","THV","thousands value","9","total","2018","2018",2427,,
"ITCD","Nord","18_BMI_SOTTO","underweight","HSC","per 100 people with the same characteristics","9","total","2017","2017",3.8,,
"ITCD","Nord","18_BMI_SOTTO","underweight","HSC","per 100 people with the same characteristics","9","total","2018","2018",3.9,,
"ITCD","Nord","18_BMI_NORMO","normal weight","HSC","per 100 people with the same characteristics","9","total","2017","2017",52.3,,
"ITCD","Nord","18_BMI_NORMO","normal weight","HSC","per 100 people with the same characteristics","9","total","2018","2018",52.5,,
"ITCD","Nord","18_BMI_SOVRA","overweight","HSC","per 100 people with the same characteristics","9","total","2017","2017",33.6,,
"ITCD","Nord","18_BMI_SOVRA","overweight","HSC","per 100 people with the same characteristics","9","total","2018","2018",33.1,,
"ITCD","Nord","18_BMI_OBE","obese","HSC","per 100 people with the same characteristics","9","total","2017","2017",10.4,,
"ITCD","Nord","18_BMI_OBE","obese","HSC","per 100 people with the same characteristics","9","total","2018","2018",10.5,,
"ITC","Nord-ovest","18_BMI_SOTTO","underweight","THV","thousands value","9","total","2017","2017",580,,
"ITC","Nord-ovest","18_BMI_SOTTO","underweight","THV","thousands value","9","total","2018","2018",592,,
"ITC","Nord-ovest","18_BMI_NORMO","normal weight","THV","thousands value","9","total","2017","2017",7129,,
"ITC","Nord-ovest","18_BMI_NORMO","normal weight","THV","thousands value","9","total","2018","2018",7115,,
"ITC","Nord-ovest","18_BMI_SOVRA","overweight","THV","thousands value","9","total","2017","2017",4366,,
"ITC","Nord-ovest","18_BMI_SOVRA","overweight","THV","thousands value","9","total","2018","2018",4356,,
"ITC","Nord-ovest","18_BMI_OBE","obese","THV","thousands value","9","total","2017","2017",1368,,
"ITC","Nord-ovest","18_BMI_OBE","obese","THV","thousands value","9","total","2018","2018",1315,,
"ITC","Nord-ovest","18_BMI_SOTTO","underweight","HSC","per 100 people with the same characteristics","9","total","2017","2017",4.3,,
"ITC","Nord-ovest","18_BMI_SOTTO","underweight","HSC","per 100 people with the same characteristics","9","total","2018","2018",4.4,,
"ITC","Nord-ovest","18_BMI_NORMO","normal weight","HSC","per 100 people with the same characteristics","9","total","2017","2017",53,,
"ITC","Nord-ovest","18_BMI_NORMO","normal weight","HSC","per 100 people with the same characteristics","9","total","2018","2018",53.2,,
"ITC","Nord-ovest","18_BMI_SOVRA","overweight","HSC","per 100 people with the same characteristics","9","total","2017","2017",32.5,,
"ITC","Nord-ovest","18_BMI_SOVRA","overweight","HSC","per 100 people with the same characteristics","9","total","2018","2018",32.6,,
"ITC","Nord-ovest","18_BMI_OBE","obese","HSC","per 100 people with the same characteristics","9","total","2017","2017",10.2,,
"ITC","Nord-ovest","18_BMI_OBE","obese","HSC","per 100 people with the same characteristics","9","total","2018","2018",9.8,,
"ITC1","Piemonte","18_BMI_SOTTO","underweight","THV","thousands value","9","total","2017","2017",161,,
"ITC1","Piemonte","18_BMI_SOTTO","underweight","THV","thousands value","9","total","2018","2018",120,,
"ITC1","Piemonte","18_BMI_NORMO","normal weight","THV","thousands value","9","total","2017","2017",1990,,
"ITC1","Piemonte","18_BMI_NORMO","normal weight","THV","thousands value","9","total","2018","2018",1940,,
"ITC1","Piemonte","18_BMI_SOVRA","overweight","THV","thousands value","9","total","2017","2017",1182,,
"ITC1","Piemonte","18_BMI_SOVRA","overweight","THV","thousands value","9","total","2018","2018",1222,,
"ITC1","Piemonte","18_BMI_OBE","obese","THV","thousands value","9","total","2017","2017",359,,
"ITC1","Piemonte","18_BMI_OBE","obese","THV","thousands value","9","total","2018","2018",387,,
"ITC1","Piemonte","18_BMI_SOTTO","underweight","HSC","per 100 people with the same characteristics","9","total","2017","2017",4.4,,
"ITC1","Piemonte","18_BMI_SOTTO","underweight","HSC","per 100 people with the same characteristics","9","total","2018","2018",3.3,,
"ITC1","Piemonte","18_BMI_NORMO","normal weight","HSC","per 100 people with the same characteristics","9","total","2017","2017",53.9,,
"ITC1","Piemonte","18_BMI_NORMO","normal weight","HSC","per 100 people with the same characteristics","9","total","2018","2018",52.9,,
"ITC1","Piemonte","18_BMI_SOVRA","overweight","HSC","per 100 people with the same characteristics","9","total","2017","2017",32,,
"ITC1","Piemonte","18_BMI_SOVRA","overweight","HSC","per 100 people with the same characteristics","9","total","2018","2018",33.3,,
"ITC1","Piemonte","18_BMI_OBE","obese","HSC","per 100 people with the same characteristics","9","total","2017","2017",9.7,,
"ITC1","Piemonte","18_BMI_OBE","obese","HSC","per 100 people with the same characteristics","9","total","2018","2018",10.6,,
"ITC2","Valle d'Aosta / Vallée d'Aoste","18_BMI_SOTTO","underweight","THV","thousands value","9","total","2017","2017",5,,
"ITC2","Valle d'Aosta / Vallée d'Aoste","18_BMI_SOTTO","underweight","THV","thousands value","9","total","2018","2018",4,,
"ITC2","Valle d'Aosta / Vallée d'Aoste","18_BMI_NORMO","normal weight","THV","thousands value","9","total","2017","2017",57,,
"ITC2","Valle d'Aosta / Vallée d'Aoste","18_BMI_NORMO","normal weight","THV","thousands value","9","total","2018","2018",56,,
"ITC2","Valle d'Aosta / Vallée d'Aoste","18_BMI_SOVRA","overweight","THV","thousands value","9","total","2017","2017",33,,
"ITC2","Valle d'Aosta / Vallée d'Aoste","18_BMI_SOVRA","overweight","THV","thousands value","9","total","2018","2018",34,,
"ITC2","Valle d'Aosta / Vallée d'Aoste","18_BMI_OBE","obese","THV","thousands value","9","total","2017","2017",11,,
"ITC2","Valle d'Aosta / Vallée d'Aoste","18_BMI_OBE","obese","THV","thousands value","9","total","2018","2018",11,,
"ITC2","Valle d'Aosta / Vallée d'Aoste","18_BMI_SOTTO","underweight","HSC","per 100 people with the same characteristics","9","total","2017","2017",5,,
"ITC2","Valle d'Aosta / Vallée d'Aoste","18_BMI_SOTTO","underweight","HSC","per 100 people with the same characteristics","9","total","2018","2018",4,,
"ITC2","Valle d'Aosta / Vallée d'Aoste","18_BMI_NORMO","normal weight","HSC","per 100 people with the same characteristics","9","total","2017","2017",53.5,,
"ITC2","Valle d'Aosta / Vallée d'Aoste","18_BMI_NORMO","normal weight","HSC","per 100 people with the same characteristics","9","total","2018","2018",53.1,,
"ITC2","Valle d'Aosta / Vallée d'Aoste","18_BMI_SOVRA","overweight","HSC","per 100 people with the same characteristics","9","total","2017","2017",30.8,,
"ITC2","Valle d'Aosta / Vallée d'Aoste","18_BMI_SOVRA","overweight","HSC","per 100 people with the same characteristics","9","total","2018","2018",32.2,,
"ITC2","Valle d'Aosta / Vallée d'Aoste","18_BMI_OBE","obese","HSC","per 100 people with the same characteristics","9","total","2017","2017",10.7,,
"ITC2","Valle d'Aosta / Vallée d'Aoste","18_BMI_OBE","obese","HSC","per 100 people with the same characteristics","9","total","2018","2018",10.7,,
"ITC3","Liguria","18_BMI_SOTTO","underweight","THV","thousands value","9","total","2017","2017",44,,
"ITC3","Liguria","18_BMI_SOTTO","underweight","THV","thousands value","9","total","2018","2018",50,,
"ITC3","Liguria","18_BMI_NORMO","normal weight","THV","thousands value","9","total","2017","2017",728,,
"ITC3","Liguria","18_BMI_NORMO","normal weight","THV","thousands value","9","total","2018","2018",683,,
"ITC3","Liguria","18_BMI_SOVRA","overweight","THV","thousands value","9","total","2017","2017",430,,
"ITC3","Liguria","18_BMI_SOVRA","overweight","THV","thousands value","9","total","2018","2018",464,,
"ITC3","Liguria","18_BMI_OBE","obese","THV","thousands value","9","total","2017","2017",123,,
"ITC3","Liguria","18_BMI_OBE","obese","THV","thousands value","9","total","2018","2018",136,,
"ITC3","Liguria","18_BMI_SOTTO","underweight","HSC","per 100 people with the same characteristics","9","total","2017","2017",3.3,,
"ITC3","Liguria","18_BMI_SOTTO","underweight","HSC","per 100 people with the same characteristics","9","total","2018","2018",3.7,,
"ITC3","Liguria","18_BMI_NORMO","normal weight","HSC","per 100 people with the same characteristics","9","total","2017","2017",54.9,,
"ITC3","Liguria","18_BMI_NORMO","normal weight","HSC","per 100 people with the same characteristics","9","total","2018","2018",51.2,,
"ITC3","Liguria","18_BMI_SOVRA","overweight","HSC","per 100 people with the same characteristics","9","total","2017","2017",32.4,,
"ITC3","Liguria","18_BMI_SOVRA","overweight","HSC","per 100 people with the same characteristics","9","total","2018","2018",34.8,,
"ITC3","Liguria","18_BMI_OBE","obese","HSC","per 100 people with the same characteristics","9","total","2017","2017",9.3,,
"ITC3","Liguria","18_BMI_OBE","obese","HSC","per 100 people with the same characteristics","9","total","2018","2018",10.2,,
"ITC4","Lombardia","18_BMI_SOTTO","underweight","THV","thousands value","9","total","2017","2017",370,,
"ITC4","Lombardia","18_BMI_SOTTO","underweight","THV","thousands value","9","total","2018","2018",418,,
"ITC4","Lombardia","18_BMI_NORMO","normal weight","THV","thousands value","9","total","2017","2017",4355,,
"ITC4","Lombardia","18_BMI_NORMO","normal weight","THV","thousands value","9","total","2018","2018",4437,,
"ITC4","Lombardia","18_BMI_SOVRA","overweight","THV","thousands value","9","total","2017","2017",2721,,
"ITC4","Lombardia","18_BMI_SOVRA","overweight","THV","thousands value","9","total","2018","2018",2636,,
"ITC4","Lombardia","18_BMI_OBE","obese","THV","thousands value","9","total","2017","2017",875,,
"ITC4","Lombardia","18_BMI_OBE","obese","THV","thousands value","9","total","2018","2018",780,,
"ITC4","Lombardia","18_BMI_SOTTO","underweight","HSC","per 100 people with the same characteristics","9","total","2017","2017",4.4,,
"ITC4","Lombardia","18_BMI_SOTTO","underweight","HSC","per 100 people with the same characteristics","9","total","2018","2018",5.1,,
"ITC4","Lombardia","18_BMI_NORMO","normal weight","HSC","per 100 people with the same characteristics","9","total","2017","2017",52.3,,
"ITC4","Lombardia","18_BMI_NORMO","normal weight","HSC","per 100 people with the same characteristics","9","total","2018","2018",53.6,,
"ITC4","Lombardia","18_BMI_SOVRA","overweight","HSC","per 100 people with the same characteristics","9","total","2017","2017",32.7,,
"ITC4","Lombardia","18_BMI_SOVRA","overweight","HSC","per 100 people with the same characteristics","9","total","2018","2018",31.9,,
"ITC4","Lombardia","18_BMI_OBE","obese","HSC","per 100 people with the same characteristics","9","total","2017","2017",10.5,,
"ITC4","Lombardia","18_BMI_OBE","obese","HSC","per 100 people with the same characteristics","9","total","2018","2018",9.4,,
"ITD","Nord-est","18_BMI_SOTTO","underweight","THV","thousands value","9","total","2017","2017",290,,
"ITD","Nord-est","18_BMI_SOTTO","underweight","THV","thousands value","9","total","2018","2018",295,,
"ITD","Nord-est","18_BMI_NORMO","normal weight","THV","thousands value","9","total","2017","2017",4946,,
"ITD","Nord-est","18_BMI_NORMO","normal weight","THV","thousands value","9","total","2018","2018",4970,,
"ITD","Nord-est","18_BMI_SOVRA","overweight","THV","thousands value","9","total","2017","2017",3394,,
"ITD","Nord-est","18_BMI_SOVRA","overweight","THV","thousands value","9","total","2018","2018",3262,,
"ITD","Nord-est","18_BMI_OBE","obese","THV","thousands value","9","total","2017","2017",1025,,
"ITD","Nord-est","18_BMI_OBE","obese","THV","thousands value","9","total","2018","2018",1112,,
"ITD","Nord-est","18_BMI_SOTTO","underweight","HSC","per 100 people with the same characteristics","9","total","2017","2017",3,,
"ITD","Nord-est","18_BMI_SOTTO","underweight","HSC","per 100 people with the same characteristics","9","total","2018","2018",3.1,,
"ITD","Nord-est","18_BMI_NORMO","normal weight","HSC","per 100 people with the same characteristics","9","total","2017","2017",51.2,,
"ITD","Nord-est","18_BMI_NORMO","normal weight","HSC","per 100 people with the same characteristics","9","total","2018","2018",51.6,,
"ITD","Nord-est","18_BMI_SOVRA","overweight","HSC","per 100 people with the same characteristics","9","total","2017","2017",35.2,,
"ITD","Nord-est","18_BMI_SOVRA","overweight","HSC","per 100 people with the same characteristics","9","total","2018","2018",33.8,,
"ITD","Nord-est","18_BMI_OBE","obese","HSC","per 100 people with the same characteristics","9","total","2017","2017",10.6,,
"ITD","Nord-est","18_BMI_OBE","obese","HSC","per 100 people with the same characteristics","9","total","2018","2018",11.5,,
"ITDA","Trentino Alto Adige / Südtirol","18_BMI_SOTTO","underweight","THV","thousands value","9","total","2017","2017",29,,
"ITDA","Trentino Alto Adige / Südtirol","18_BMI_SOTTO","underweight","THV","thousands value","9","total","2018","2018",25,,
"ITDA","Trentino Alto Adige / Südtirol","18_BMI_NORMO","normal weight","THV","thousands value","9","total","2017","2017",480,,
"ITDA","Trentino Alto Adige / Südtirol","18_BMI_NORMO","normal weight","THV","thousands value","9","total","2018","2018",482,,
"ITDA","Trentino Alto Adige / Südtirol","18_BMI_SOVRA","overweight","THV","thousands value","9","total","2017","2017",271,,
"ITDA","Trentino Alto Adige / Südtirol","18_BMI_SOVRA","overweight","THV","thousands value","9","total","2018","2018",269,,
"ITDA","Trentino Alto Adige / Südtirol","18_BMI_OBE","obese","THV","thousands value","9","total","2017","2017",73,,
"ITDA","Trentino Alto Adige / Südtirol","18_BMI_OBE","obese","THV","thousands value","9","total","2018","2018",79,,
"ITDA","Trentino Alto Adige / Südtirol","18_BMI_SOTTO","underweight","HSC","per 100 people with the same characteristics","9","total","2017","2017",3.4,,
"ITDA","Trentino Alto Adige / Südtirol","18_BMI_SOTTO","underweight","HSC","per 100 people with the same characteristics","9","total","2018","2018",3,,
"ITDA","Trentino Alto Adige / Südtirol","18_BMI_NORMO","normal weight","HSC","per 100 people with the same characteristics","9","total","2017","2017",56.2,,
"ITDA","Trentino Alto Adige / Südtirol","18_BMI_NORMO","normal weight","HSC","per 100 people with the same characteristics","9","total","2018","2018",56.3,,
"ITDA","Trentino Alto Adige / Südtirol","18_BMI_SOVRA","overweight","HSC","per 100 people with the same characteristics","9","total","2017","2017",31.8,,
"ITDA","Trentino Alto Adige / Südtirol","18_BMI_SOVRA","overweight","HSC","per 100 people with the same characteristics","9","total","2018","2018",31.5,,
"ITDA","Trentino Alto Adige / Südtirol","18_BMI_OBE","obese","HSC","per 100 people with the same characteristics","9","total","2017","2017",8.6,,
"ITDA","Trentino Alto Adige / Südtirol","18_BMI_OBE","obese","HSC","per 100 people with the same characteristics","9","total","2018","2018",9.3,,
"ITD1","Provincia Autonoma Bolzano / Bozen","18_BMI_SOTTO","underweight","THV","thousands value","9","total","2017","2017",14,,
"ITD1","Provincia Autonoma Bolzano / Bozen","18_BMI_SOTTO","underweight","THV","thousands value","9","total","2018","2018",14,,
"ITD1","Provincia Autonoma Bolzano / Bozen","18_BMI_NORMO","normal weight","THV","thousands value","9","total","2017","2017",241,,
"ITD1","Provincia Autonoma Bolzano / Bozen","18_BMI_NORMO","normal weight","THV","thousands value","9","total","2018","2018",234,,
"ITD1","Provincia Autonoma Bolzano / Bozen","18_BMI_SOVRA","overweight","THV","thousands value","9","total","2017","2017",127,,
"ITD1","Provincia Autonoma Bolzano / Bozen","18_BMI_SOVRA","overweight","THV","thousands value","9","total","2018","2018",134,,
"ITD1","Provincia Autonoma Bolzano / Bozen","18_BMI_OBE","obese","THV","thousands value","9","total","2017","2017",35,,
"ITD1","Provincia Autonoma Bolzano / Bozen","18_BMI_OBE","obese","THV","thousands value","9","total","2018","2018",35,,
"ITD1","Provincia Autonoma Bolzano / Bozen","18_BMI_SOTTO","underweight","HSC","per 100 people with the same characteristics","9","total","2017","2017",3.5,,
"ITD1","Provincia Autonoma Bolzano / Bozen","18_BMI_SOTTO","underweight","HSC","per 100 people with the same characteristics","9","total","2018","2018",3.3,,
"ITD1","Provincia Autonoma Bolzano / Bozen","18_BMI_NORMO","normal weight","HSC","per 100 people with the same characteristics","9","total","2017","2017",57.7,,
"ITD1","Provincia Autonoma Bolzano / Bozen","18_BMI_NORMO","normal weight","HSC","per 100 people with the same characteristics","9","total","2018","2018",56.2,,
"ITD1","Provincia Autonoma Bolzano / Bozen","18_BMI_SOVRA","overweight","HSC","per 100 people with the same characteristics","9","total","2017","2017",30.4,,
"ITD1","Provincia Autonoma Bolzano / Bozen","18_BMI_SOVRA","overweight","HSC","per 100 people with the same characteristics","9","total","2018","2018",32.2,,
"ITD1","Provincia Autonoma Bolzano / Bozen","18_BMI_OBE","obese","HSC","per 100 people with the same characteristics","9","total","2017","2017",8.4,,
"ITD1","Provincia Autonoma Bolzano / Bozen","18_BMI_OBE","obese","HSC","per 100 people with the same characteristics","9","total","2018","2018",8.3,,
"ITD2","Provincia Autonoma Trento","18_BMI_SOTTO","underweight","THV","thousands value","9","total","2017","2017",15,,
"ITD2","Provincia Autonoma Trento","18_BMI_SOTTO","underweight","THV","thousands value","9","total","2018","2018",12,,
"ITD2","Provincia Autonoma Trento","18_BMI_NORMO","normal weight","THV","thousands value","9","total","2017","2017",240,,
"ITD2","Provincia Autonoma Trento","18_BMI_NORMO","normal weight","THV","thousands value","9","total","2018","2018",248,,
"ITD2","Provincia Autonoma Trento","18_BMI_SOVRA","overweight","THV","thousands value","9","total","2017","2017",145,,
"ITD2","Provincia Autonoma Trento","18_BMI_SOVRA","overweight","THV","thousands value","9","total","2018","2018",135,,
"ITD2","Provincia Autonoma Trento","18_BMI_OBE","obese","THV","thousands value","9","total","2017","2017",38,,
"ITD2","Provincia Autonoma Trento","18_BMI_OBE","obese","THV","thousands value","9","total","2018","2018",45,,
"ITD2","Provincia Autonoma Trento","18_BMI_SOTTO","underweight","HSC","per 100 people with the same characteristics","9","total","2017","2017",3.4,,
"ITD2","Provincia Autonoma Trento","18_BMI_SOTTO","underweight","HSC","per 100 people with the same characteristics","9","total","2018","2018",2.7,,
"ITD2","Provincia Autonoma Trento","18_BMI_NORMO","normal weight","HSC","per 100 people with the same characteristics","9","total","2017","2017",54.8,,
"ITD2","Provincia Autonoma Trento","18_BMI_NORMO","normal weight","HSC","per 100 people with the same characteristics","9","total","2018","2018",56.4,,
"ITD2","Provincia Autonoma Trento","18_BMI_SOVRA","overweight","HSC","per 100 people with the same characteristics","9","total","2017","2017",33.1,,
"ITD2","Provincia Autonoma Trento","18_BMI_SOVRA","overweight","HSC","per 100 people with the same characteristics","9","total","2018","2018",30.7,,
"ITD2","Provincia Autonoma Trento","18_BMI_OBE","obese","HSC","per 100 people with the same characteristics","9","total","2017","2017",8.7,,
"ITD2","Provincia Autonoma Trento","18_BMI_OBE","obese","HSC","per 100 people with the same characteristics","9","total","2018","2018",10.2,,
"ITD3","Veneto","18_BMI_SOTTO","underweight","THV","thousands value","9","total","2017","2017",116,,
"ITD3","Veneto","18_BMI_SOTTO","underweight","THV","thousands value","9","total","2018","2018",117,,
"ITD3","Veneto","18_BMI_NORMO","normal weight","THV","thousands value","9","total","2017","2017",2166,,
"ITD3","Veneto","18_BMI_NORMO","normal weight","THV","thousands value","9","total","2018","2018",2089,,
"ITD3","Veneto","18_BMI_SOVRA","overweight","THV","thousands value","9","total","2017","2017",1365,,
"ITD3","Veneto","18_BMI_SOVRA","overweight","THV","thousands value","9","total","2018","2018",1390,,
"ITD3","Veneto","18_BMI_OBE","obese","THV","thousands value","9","total","2017","2017",409,,
"ITD3","Veneto","18_BMI_OBE","obese","THV","thousands value","9","total","2018","2018",447,,
"ITD3","Veneto","18_BMI_SOTTO","underweight","HSC","per 100 people with the same characteristics","9","total","2017","2017",2.9,,
"ITD3","Veneto","18_BMI_SOTTO","underweight","HSC","per 100 people with the same characteristics","9","total","2018","2018",2.9,,
"ITD3","Veneto","18_BMI_NORMO","normal weight","HSC","per 100 people with the same characteristics","9","total","2017","2017",53.4,,
"ITD3","Veneto","18_BMI_NORMO","normal weight","HSC","per 100 people with the same characteristics","9","total","2018","2018",51.7,,
"ITD3","Veneto","18_BMI_SOVRA","overweight","HSC","per 100 people with the same characteristics","9","total","2017","2017",33.7,,
"ITD3","Veneto","18_BMI_SOVRA","overweight","HSC","per 100 people with the same characteristics","9","total","2018","2018",34.4,,
"ITD3","Veneto","18_BMI_OBE","obese","HSC","per 100 people with the same characteristics","9","total","2017","2017",10.1,,
"ITD3","Veneto","18_BMI_OBE","obese","HSC","per 100 people with the same characteristics","9","total","2018","2018",11.1,,
"ITD4","Friuli-Venezia Giulia","18_BMI_SOTTO","underweight","THV","thousands value","9","total","2017","2017",32,,
"ITD4","Friuli-Venezia Giulia","18_BMI_SOTTO","underweight","THV","thousands value","9","total","2018","2018",46,,
"ITD4","Friuli-Venezia Giulia","18_BMI_NORMO","normal weight","THV","thousands value","9","total","2017","2017",509,,
"ITD4","Friuli-Venezia Giulia","18_BMI_NORMO","normal weight","THV","thousands value","9","total","2018","2018",513,,
"ITD4","Friuli-Venezia Giulia","18_BMI_SOVRA","overweight","THV","thousands value","9","total","2017","2017",360,,
"ITD4","Friuli-Venezia Giulia","18_BMI_SOVRA","overweight","THV","thousands value","9","total","2018","2018",341,,
"ITD4","Friuli-Venezia Giulia","18_BMI_OBE","obese","THV","thousands value","9","total","2017","2017",121,,
"ITD4","Friuli-Venezia Giulia","18_BMI_OBE","obese","THV","thousands value","9","total","2018","2018",124,,
"ITD4","Friuli-Venezia Giulia","18_BMI_SOTTO","underweight","HSC","per 100 people with the same characteristics","9","total","2017","2017",3.1,,
"ITD4","Friuli-Venezia Giulia","18_BMI_SOTTO","underweight","HSC","per 100 people with the same characteristics","9","total","2018","2018",4.5,,
"ITD4","Friuli-Venezia Giulia","18_BMI_NORMO","normal weight","HSC","per 100 people with the same characteristics","9","total","2017","2017",49.8,,
"ITD4","Friuli-Venezia Giulia","18_BMI_NORMO","normal weight","HSC","per 100 people with the same characteristics","9","total","2018","2018",50.1,,
"ITD4","Friuli-Venezia Giulia","18_BMI_SOVRA","overweight","HSC","per 100 people with the same characteristics","9","total","2017","2017",35.2,,
"ITD4","Friuli-Venezia Giulia","18_BMI_SOVRA","overweight","HSC","per 100 people with the same characteristics","9","total","2018","2018",33.3,,
"ITD4","Friuli-Venezia Giulia","18_BMI_OBE","obese","HSC","per 100 people with the same characteristics","9","total","2017","2017",11.8,,
"ITD4","Friuli-Venezia Giulia","18_BMI_OBE","obese","HSC","per 100 people with the same characteristics","9","total","2018","2018",12.1,,
"ITD5","Emilia-Romagna","18_BMI_SOTTO","underweight","THV","thousands value","9","total","2017","2017",113,,
"ITD5","Emilia-Romagna","18_BMI_SOTTO","underweight","THV","thousands value","9","total","2018","2018",107,,
"ITD5","Emilia-Romagna","18_BMI_NORMO","normal weight","THV","thousands value","9","total","2017","2017",1791,,
"ITD5","Emilia-Romagna","18_BMI_NORMO","normal weight","THV","thousands value","9","total","2018","2018",1887,,
"ITD5","Emilia-Romagna","18_BMI_SOVRA","overweight","THV","thousands value","9","total","2017","2017",1398,,
"ITD5","Emilia-Romagna","18_BMI_SOVRA","overweight","THV","thousands value","9","total","2018","2018",1262,,
"ITD5","Emilia-Romagna","18_BMI_OBE","obese","THV","thousands value","9","total","2017","2017",422,,
"ITD5","Emilia-Romagna","18_BMI_OBE","obese","THV","thousands value","9","total","2018","2018",462,,
"ITD5","Emilia-Romagna","18_BMI_SOTTO","underweight","HSC","per 100 people with the same characteristics","9","total","2017","2017",3,,
"ITD5","Emilia-Romagna","18_BMI_SOTTO","underweight","HSC","per 100 people with the same characteristics","9","total","2018","2018",2.9,,
"ITD5","Emilia-Romagna","18_BMI_NORMO","normal weight","HSC","per 100 people with the same characteristics","9","total","2017","2017",48.1,,
"ITD5","Emilia-Romagna","18_BMI_NORMO","normal weight","HSC","per 100 people with the same characteristics","9","total","2018","2018",50.8,,
"ITD5","Emilia-Romagna","18_BMI_SOVRA","overweight","HSC","per 100 people with the same characteristics","9","total","2017","2017",37.5,,
"ITD5","Emilia-Romagna","18_BMI_SOVRA","overweight","HSC","per 100 people with the same characteristics","9","total","2018","2018",33.9,,
"ITD5","Emilia-Romagna","18_BMI_OBE","obese","HSC","per 100 people with the same characteristics","9","total","2017","2017",11.3,,
"ITD5","Emilia-Romagna","18_BMI_OBE","obese","HSC","per 100 people with the same characteristics","9","total","2018","2018",12.4,,
"ITE","Centro (I)","18_BMI_SOTTO","underweight","THV","thousands value","9","total","2017","2017",293,,
"ITE","Centro (I)","18_BMI_SOTTO","underweight","THV","thousands value","9","total","2018","2018",330,,
"ITE","Centro (I)","18_BMI_NORMO","normal weight","THV","thousands value","9","total","2017","2017",5423,,
"ITE","Centro (I)","18_BMI_NORMO","normal weight","THV","thousands value","9","total","2018","2018",5247,,
"ITE","Centro (I)","18_BMI_SOVRA","overweight","THV","thousands value","9","total","2017","2017",3513,,
"ITE","Centro (I)","18_BMI_SOVRA","overweight","THV","thousands value","9","total","2018","2018",3524,,
"ITE","Centro (I)","18_BMI_OBE","obese","THV","thousands value","9","total","2017","2017",891,,
"ITE","Centro (I)","18_BMI_OBE","obese","THV","thousands value","9","total","2018","2018",1006,,
"ITE","Centro (I)","18_BMI_SOTTO","underweight","HSC","per 100 people with the same characteristics","9","total","2017","2017",2.9,,
"ITE","Centro (I)","18_BMI_SOTTO","underweight","HSC","per 100 people with the same characteristics","9","total","2018","2018",3.3,,
"ITE","Centro (I)","18_BMI_NORMO","normal weight","HSC","per 100 people with the same characteristics","9","total","2017","2017",53.6,,
"ITE","Centro (I)","18_BMI_NORMO","normal weight","HSC","per 100 people with the same characteristics","9","total","2018","2018",51.9,,
"ITE","Centro (I)","18_BMI_SOVRA","overweight","HSC","per 100 people with the same characteristics","9","total","2017","2017",34.7,,
"ITE","Centro (I)","18_BMI_SOVRA","overweight","HSC","per 100 people with the same characteristics","9","total","2018","2018",34.9,,
"ITE","Centro (I)","18_BMI_OBE","obese","HSC","per 100 people with the same characteristics","9","total","2017","2017",8.8,,
"ITE","Centro (I)","18_BMI_OBE","obese","HSC","per 100 people with the same characteristics","9","total","2018","2018",10,,
"ITE1","Toscana","18_BMI_SOTTO","underweight","THV","thousands value","9","total","2017","2017",110,,
"ITE1","Toscana","18_BMI_SOTTO","underweight","THV","thousands value","9","total","2018","2018",86,,
"ITE1","Toscana","18_BMI_NORMO","normal weight","THV","thousands value","9","total","2017","2017",1686,,
"ITE1","Toscana","18_BMI_NORMO","normal weight","THV","thousands value","9","total","2018","2018",1684,,
"ITE1","Toscana","18_BMI_SOVRA","overweight","THV","thousands value","9","total","2017","2017",1097,,
"ITE1","Toscana","18_BMI_SOVRA","overweight","THV","thousands value","9","total","2018","2018",1089,,
"ITE1","Toscana","18_BMI_OBE","obese","THV","thousands value","9","total","2017","2017",279,,
"ITE1","Toscana","18_BMI_OBE","obese","THV","thousands value","9","total","2018","2018",287,,
"ITE1","Toscana","18_BMI_SOTTO","underweight","HSC","per 100 people with the same characteristics","9","total","2017","2017",3.5,,
"ITE1","Toscana","18_BMI_SOTTO","underweight","HSC","per 100 people with the same characteristics","9","total","2018","2018",2.7,,
"ITE1","Toscana","18_BMI_NORMO","normal weight","HSC","per 100 people with the same characteristics","9","total","2017","2017",53.2,,
"ITE1","Toscana","18_BMI_NORMO","normal weight","HSC","per 100 people with the same characteristics","9","total","2018","2018",53.5,,
"ITE1","Toscana","18_BMI_SOVRA","overweight","HSC","per 100 people with the same characteristics","9","total","2017","2017",34.6,,
"ITE1","Toscana","18_BMI_SOVRA","overweight","HSC","per 100 people with the same characteristics","9","total","2018","2018",34.6,,
"ITE1","Toscana","18_BMI_OBE","obese","HSC","per 100 people with the same characteristics","9","total","2017","2017",8.8,,
"ITE1","Toscana","18_BMI_OBE","obese","HSC","per 100 people with the same characteristics","9","total","2018","2018",9.1,,
"ITE2","Umbria","18_BMI_SOTTO","underweight","THV","thousands value","9","total","2017","2017",32,,
"ITE2","Umbria","18_BMI_SOTTO","underweight","THV","thousands value","9","total","2018","2018",20,,
"ITE2","Umbria","18_BMI_NORMO","normal weight","THV","thousands value","9","total","2017","2017",383,,
"ITE2","Umbria","18_BMI_NORMO","normal weight","THV","thousands value","9","total","2018","2018",359,,
"ITE2","Umbria","18_BMI_SOVRA","overweight","THV","thousands value","9","total","2017","2017",257,,
"ITE2","Umbria","18_BMI_SOVRA","overweight","THV","thousands value","9","total","2018","2018",275,,
"ITE2","Umbria","18_BMI_OBE","obese","THV","thousands value","9","total","2017","2017",80,,
"ITE2","Umbria","18_BMI_OBE","obese","THV","thousands value","9","total","2018","2018",88,,
"ITE2","Umbria","18_BMI_SOTTO","underweight","HSC","per 100 people with the same characteristics","9","total","2017","2017",4.2,,
"ITE2","Umbria","18_BMI_SOTTO","underweight","HSC","per 100 people with the same characteristics","9","total","2018","2018",2.6,,
"ITE2","Umbria","18_BMI_NORMO","normal weight","HSC","per 100 people with the same characteristics","9","total","2017","2017",51,,
"ITE2","Umbria","18_BMI_NORMO","normal weight","HSC","per 100 people with the same characteristics","9","total","2018","2018",48.4,,
"ITE2","Umbria","18_BMI_SOVRA","overweight","HSC","per 100 people with the same characteristics","9","total","2017","2017",34.2,,
"ITE2","Umbria","18_BMI_SOVRA","overweight","HSC","per 100 people with the same characteristics","9","total","2018","2018",37.1,,
"ITE2","Umbria","18_BMI_OBE","obese","HSC","per 100 people with the same characteristics","9","total","2017","2017",10.6,,
"ITE2","Umbria","18_BMI_OBE","obese","HSC","per 100 people with the same characteristics","9","total","2018","2018",11.9,,
"ITE3","Marche","18_BMI_SOTTO","underweight","THV","thousands value","9","total","2017","2017",32,,
"ITE3","Marche","18_BMI_SOTTO","underweight","THV","thousands value","9","total","2018","2018",40,,
"ITE3","Marche","18_BMI_NORMO","normal weight","THV","thousands value","9","total","2017","2017",679,,
"ITE3","Marche","18_BMI_NORMO","normal weight","THV","thousands value","9","total","2018","2018",658,,
"ITE3","Marche","18_BMI_SOVRA","overweight","THV","thousands value","9","total","2017","2017",428,,
"ITE3","Marche","18_BMI_SOVRA","overweight","THV","thousands value","9","total","2018","2018",444,,
"ITE3","Marche","18_BMI_OBE","obese","THV","thousands value","9","total","2017","2017",161,,
"ITE3","Marche","18_BMI_OBE","obese","THV","thousands value","9","total","2018","2018",141,,
"ITE3","Marche","18_BMI_SOTTO","underweight","HSC","per 100 people with the same characteristics","9","total","2017","2017",2.5,,
"ITE3","Marche","18_BMI_SOTTO","underweight","HSC","per 100 people with the same characteristics","9","total","2018","2018",3.1,,
"ITE3","Marche","18_BMI_NORMO","normal weight","HSC","per 100 people with the same characteristics","9","total","2017","2017",52.2,,
"ITE3","Marche","18_BMI_NORMO","normal weight","HSC","per 100 people with the same characteristics","9","total","2018","2018",51.3,,
"ITE3","Marche","18_BMI_SOVRA","overweight","HSC","per 100 people with the same characteristics","9","total","2017","2017",32.9,,
"ITE3","Marche","18_BMI_SOVRA","overweight","HSC","per 100 people with the same characteristics","9","total","2018","2018",34.6,,
"ITE3","Marche","18_BMI_OBE","obese","HSC","per 100 people with the same characteristics","9","total","2017","2017",12.4,,
"ITE3","Marche","18_BMI_OBE","obese","HSC","per 100 people with the same characteristics","9","total","2018","2018",11,,
"ITE4","Lazio","18_BMI_SOTTO","underweight","THV","thousands value","9","total","2017","2017",120,,
"ITE4","Lazio","18_BMI_SOTTO","underweight","THV","thousands value","9","total","2018","2018",184,,
"ITE4","Lazio","18_BMI_NORMO","normal weight","THV","thousands value","9","total","2017","2017",2674,,
"ITE4","Lazio","18_BMI_NORMO","normal weight","THV","thousands value","9","total","2018","2018",2546,,
"ITE4","Lazio","18_BMI_SOVRA","overweight","THV","thousands value","9","total","2017","2017",1731,,
"ITE4","Lazio","18_BMI_SOVRA","overweight","THV","thousands value","9","total","2018","2018",1716,,
"ITE4","Lazio","18_BMI_OBE","obese","THV","thousands value","9","total","2017","2017",371,,
"ITE4","Lazio","18_BMI_OBE","obese","THV","thousands value","9","total","2018","2018",490,,
"ITE4","Lazio","18_BMI_SOTTO","underweight","HSC","per 100 people with the same characteristics","9","total","2017","2017",2.4,,
"ITE4","Lazio","18_BMI_SOTTO","underweight","HSC","per 100 people with the same characteristics","9","total","2018","2018",3.7,,
"ITE4","Lazio","18_BMI_NORMO","normal weight","HSC","per 100 people with the same characteristics","9","total","2017","2017",54.6,,
"ITE4","Lazio","18_BMI_NORMO","normal weight","HSC","per 100 people with the same characteristics","9","total","2018","2018",51.6,,
"ITE4","Lazio","18_BMI_SOVRA","overweight","HSC","per 100 people with the same characteristics","9","total","2017","2017",35.4,,
"ITE4","Lazio","18_BMI_SOVRA","overweight","HSC","per 100 people with the same characteristics","9","total","2018","2018",34.8,,
"ITE4","Lazio","18_BMI_OBE","obese","HSC","per 100 people with the same characteristics","9","total","2017","2017",7.6,,
"ITE4","Lazio","18_BMI_OBE","obese","HSC","per 100 people with the same characteristics","9","total","2018","2018",9.9,,
"ITFG","Mezzogiorno","18_BMI_SOTTO","underweight","THV","thousands value","9","total","2017","2017",406,,
"ITFG","Mezzogiorno","18_BMI_SOTTO","underweight","THV","thousands value","9","total","2018","2018",363,,
"ITFG","Mezzogiorno","18_BMI_NORMO","normal weight","THV","thousands value","9","total","2017","2017",8160,,
"ITFG","Mezzogiorno","18_BMI_NORMO","normal weight","THV","thousands value","9","total","2018","2018",8189,,
"ITFG","Mezzogiorno","18_BMI_SOVRA","overweight","THV","thousands value","9","total","2017","2017",6573,,
"ITFG","Mezzogiorno","18_BMI_SOVRA","overweight","THV","thousands value","9","total","2018","2018",6664,,
"ITFG","Mezzogiorno","18_BMI_OBE","obese","THV","thousands value","9","total","2017","2017",2032,,
"ITFG","Mezzogiorno","18_BMI_OBE","obese","THV","thousands value","9","total","2018","2018",1944,,
"ITFG","Mezzogiorno","18_BMI_SOTTO","underweight","HSC","per 100 people with the same characteristics","9","total","2017","2017",2.4,,
"ITFG","Mezzogiorno","18_BMI_SOTTO","underweight","HSC","per 100 people with the same characteristics","9","total","2018","2018",2.1,,
"ITFG","Mezzogiorno","18_BMI_NORMO","normal weight","HSC","per 100 people with the same characteristics","9","total","2017","2017",47.5,,
"ITFG","Mezzogiorno","18_BMI_NORMO","normal weight","HSC","per 100 people with the same characteristics","9","total","2018","2018",47.7,,
"ITFG","Mezzogiorno","18_BMI_SOVRA","overweight","HSC","per 100 people with the same characteristics","9","total","2017","2017",38.3,,
"ITFG","Mezzogiorno","18_BMI_SOVRA","overweight","HSC","per 100 people with the same characteristics","9","total","2018","2018",38.8,,
"ITFG","Mezzogiorno","18_BMI_OBE","obese","HSC","per 100 people with the same characteristics","9","total","2017","2017",11.8,,
"ITFG","Mezzogiorno","18_BMI_OBE","obese","HSC","per 100 people with the same characteristics","9","total","2018","2018",11.3,,
"ITF","Sud","18_BMI_SOTTO","underweight","THV","thousands value","9","total","2017","2017",239,,
"ITF","Sud","18_BMI_SOTTO","underweight","THV","thousands value","9","total","2018","2018",218,,
"ITF","Sud","18_BMI_NORMO","normal weight","THV","thousands value","9","total","2017","2017",5506,,
"ITF","Sud","18_BMI_NORMO","normal weight","THV","thousands value","9","total","2018","2018",5466,,
"ITF","Sud","18_BMI_SOVRA","overweight","THV","thousands value","9","total","2017","2017",4493,,
"ITF","Sud","18_BMI_SOVRA","overweight","THV","thousands value","9","total","2018","2018",4579,,
"ITF","Sud","18_BMI_OBE","obese","THV","thousands value","9","total","2017","2017",1368,,
"ITF","Sud","18_BMI_OBE","obese","THV","thousands value","9","total","2018","2018",1344,,
"ITF","Sud","18_BMI_SOTTO","underweight","HSC","per 100 people with the same characteristics","9","total","2017","2017",2.1,,
"ITF","Sud","18_BMI_SOTTO","underweight","HSC","per 100 people with the same characteristics","9","total","2018","2018",1.9,,
"ITF","Sud","18_BMI_NORMO","normal weight","HSC","per 100 people with the same characteristics","9","total","2017","2017",47.4,,
"ITF","Sud","18_BMI_NORMO","normal weight","HSC","per 100 people with the same characteristics","9","total","2018","2018",47.1,,
"ITF","Sud","18_BMI_SOVRA","overweight","HSC","per 100 people with the same characteristics","9","total","2017","2017",38.7,,
"ITF","Sud","18_BMI_SOVRA","overweight","HSC","per 100 people with the same characteristics","9","total","2018","2018",39.4,,
"ITF","Sud","18_BMI_OBE","obese","HSC","per 100 people with the same characteristics","9","total","2017","2017",11.8,,
"ITF","Sud","18_BMI_OBE","obese","HSC","per 100 people with the same characteristics","9","total","2018","2018",11.6,,
"ITF1","Abruzzo","18_BMI_SOTTO","underweight","THV","thousands value","9","total","2017","2017",31,,
"ITF1","Abruzzo","18_BMI_SOTTO","underweight","THV","thousands value","9","total","2018","2018",28,,
"ITF1","Abruzzo","18_BMI_NORMO","normal weight","THV","thousands value","9","total","2017","2017",525,,
"ITF1","Abruzzo","18_BMI_NORMO","normal weight","THV","thousands value","9","total","2018","2018",527,,
"ITF1","Abruzzo","18_BMI_SOVRA","overweight","THV","thousands value","9","total","2017","2017",409,,
"ITF1","Abruzzo","18_BMI_SOVRA","overweight","THV","thousands value","9","total","2018","2018",423,,
"ITF1","Abruzzo","18_BMI_OBE","obese","THV","thousands value","9","total","2017","2017",132,,
"ITF1","Abruzzo","18_BMI_OBE","obese","THV","thousands value","9","total","2018","2018",139,,
"ITF1","Abruzzo","18_BMI_SOTTO","underweight","HSC","per 100 people with the same characteristics","9","total","2017","2017",2.9,,
"ITF1","Abruzzo","18_BMI_SOTTO","underweight","HSC","per 100 people with the same characteristics","9","total","2018","2018",2.5,,
"ITF1","Abruzzo","18_BMI_NORMO","normal weight","HSC","per 100 people with the same characteristics","9","total","2017","2017",47.9,,
"ITF1","Abruzzo","18_BMI_NORMO","normal weight","HSC","per 100 people with the same characteristics","9","total","2018","2018",47.2,,
"ITF1","Abruzzo","18_BMI_SOVRA","overweight","HSC","per 100 people with the same characteristics","9","total","2017","2017",37.3,,
"ITF1","Abruzzo","18_BMI_SOVRA","overweight","HSC","per 100 people with the same characteristics","9","total","2018","2018",37.9,,
"ITF1","Abruzzo","18_BMI_OBE","obese","HSC","per 100 people with the same characteristics","9","total","2017","2017",12,,
"ITF1","Abruzzo","18_BMI_OBE","obese","HSC","per 100 people with the same characteristics","9","total","2018","2018",12.4,,
"ITF2","Molise","18_BMI_SOTTO","underweight","THV","thousands value","9","total","2017","2017",5,,
"ITF2","Molise","18_BMI_SOTTO","underweight","THV","thousands value","9","total","2018","2018",9,,
"ITF2","Molise","18_BMI_NORMO","normal weight","THV","thousands value","9","total","2017","2017",132,,
"ITF2","Molise","18_BMI_NORMO","normal weight","THV","thousands value","9","total","2018","2018",117,,
"ITF2","Molise","18_BMI_SOVRA","overweight","THV","thousands value","9","total","2017","2017",94,,
"ITF2","Molise","18_BMI_SOVRA","overweight","THV","thousands value","9","total","2018","2018",100,,
"ITF2","Molise","18_BMI_OBE","obese","THV","thousands value","9","total","2017","2017",34,,
"ITF2","Molise","18_BMI_OBE","obese","THV","thousands value","9","total","2018","2018",39,,
"ITF2","Molise","18_BMI_SOTTO","underweight","HSC","per 100 people with the same characteristics","9","total","2017","2017",1.9,,
"ITF2","Molise","18_BMI_SOTTO","underweight","HSC","per 100 people with the same characteristics","9","total","2018","2018",3.3,,
"ITF2","Molise","18_BMI_NORMO","normal weight","HSC","per 100 people with the same characteristics","9","total","2017","2017",49.7,,
"ITF2","Molise","18_BMI_NORMO","normal weight","HSC","per 100 people with the same characteristics","9","total","2018","2018",44.1,,
"ITF2","Molise","18_BMI_SOVRA","overweight","HSC","per 100 people with the same characteristics","9","total","2017","2017",35.6,,
"ITF2","Molise","18_BMI_SOVRA","overweight","HSC","per 100 people with the same characteristics","9","total","2018","2018",37.9,,
"ITF2","Molise","18_BMI_OBE","obese","HSC","per 100 people with the same characteristics","9","total","2017","2017",12.8,,
"ITF2","Molise","18_BMI_OBE","obese","HSC","per 100 people with the same characteristics","9","total","2018","2018",14.7,,
"ITF3","Campania","18_BMI_SOTTO","underweight","THV","thousands value","9","total","2017","2017",88,,
"ITF3","Campania","18_BMI_SOTTO","underweight","THV","thousands value","9","total","2018","2018",54,,
"ITF3","Campania","18_BMI_NORMO","normal weight","THV","thousands value","9","total","2017","2017",2253,,
"ITF3","Campania","18_BMI_NORMO","normal weight","THV","thousands value","9","total","2018","2018",2251,,
"ITF3","Campania","18_BMI_SOVRA","overweight","THV","thousands value","9","total","2017","2017",1896,,
"ITF3","Campania","18_BMI_SOVRA","overweight","THV","thousands value","9","total","2018","2018",1926,,
"ITF3","Campania","18_BMI_OBE","obese","THV","thousands value","9","total","2017","2017",528,,
"ITF3","Campania","18_BMI_OBE","obese","THV","thousands value","9","total","2018","2018",505,,
"ITF3","Campania","18_BMI_SOTTO","underweight","HSC","per 100 people with the same characteristics","9","total","2017","2017",1.8,,
"ITF3","Campania","18_BMI_SOTTO","underweight","HSC","per 100 people with the same characteristics","9","total","2018","2018",1.1,,
"ITF3","Campania","18_BMI_NORMO","normal weight","HSC","per 100 people with the same characteristics","9","total","2017","2017",47.3,,
"ITF3","Campania","18_BMI_NORMO","normal weight","HSC","per 100 people with the same characteristics","9","total","2018","2018",47.5,,
"ITF3","Campania","18_BMI_SOVRA","overweight","HSC","per 100 people with the same characteristics","9","total","2017","2017",39.8,,
"ITF3","Campania","18_BMI_SOVRA","overweight","HSC","per 100 people with the same characteristics","9","total","2018","2018",40.7,,
"ITF3","Campania","18_BMI_OBE","obese","HSC","per 100 people with the same characteristics","9","total","2017","2017",11.1,,
"ITF3","Campania","18_BMI_OBE","obese","HSC","per 100 people with the same characteristics","9","total","2018","2018",10.7,,
"ITF4","Puglia","18_BMI_SOTTO","underweight","THV","thousands value","9","total","2017","2017",67,,
"ITF4","Puglia","18_BMI_SOTTO","underweight","THV","thousands value","9","total","2018","2018",92,,
"ITF4","Puglia","18_BMI_NORMO","normal weight","THV","thousands value","9","total","2017","2017",1577,,
"ITF4","Puglia","18_BMI_NORMO","normal weight","THV","thousands value","9","total","2018","2018",1578,,
"ITF4","Puglia","18_BMI_SOVRA","overweight","THV","thousands value","9","total","2017","2017",1268,,
"ITF4","Puglia","18_BMI_SOVRA","overweight","THV","thousands value","9","total","2018","2018",1310,,
"ITF4","Puglia","18_BMI_OBE","obese","THV","thousands value","9","total","2017","2017",453,,
"ITF4","Puglia","18_BMI_OBE","obese","THV","thousands value","9","total","2018","2018",405,,
"ITF4","Puglia","18_BMI_SOTTO","underweight","HSC","per 100 people with the same characteristics","9","total","2017","2017",2,,
"ITF4","Puglia","18_BMI_SOTTO","underweight","HSC","per 100 people with the same characteristics","9","total","2018","2018",2.7,,
"ITF4","Puglia","18_BMI_NORMO","normal weight","HSC","per 100 people with the same characteristics","9","total","2017","2017",46.9,,
"ITF4","Puglia","18_BMI_NORMO","normal weight","HSC","per 100 people with the same characteristics","9","total","2018","2018",46.6,,
"ITF4","Puglia","18_BMI_SOVRA","overweight","HSC","per 100 people with the same characteristics","9","total","2017","2017",37.7,,
"ITF4","Puglia","18_BMI_SOVRA","overweight","HSC","per 100 people with the same characteristics","9","total","2018","2018",38.7,,
"ITF4","Puglia","18_BMI_OBE","obese","HSC","per 100 people with the same characteristics","9","total","2017","2017",13.5,,
"ITF4","Puglia","18_BMI_OBE","obese","HSC","per 100 people with the same characteristics","9","total","2018","2018",12,,
"ITF5","Basilicata","18_BMI_SOTTO","underweight","THV","thousands value","9","total","2017","2017",10,,
"ITF5","Basilicata","18_BMI_SOTTO","underweight","THV","thousands value","9","total","2018","2018",8,,
"ITF5","Basilicata","18_BMI_NORMO","normal weight","THV","thousands value","9","total","2017","2017",214,,
"ITF5","Basilicata","18_BMI_NORMO","normal weight","THV","thousands value","9","total","2018","2018",220,,
"ITF5","Basilicata","18_BMI_SOVRA","overweight","THV","thousands value","9","total","2017","2017",198,,
"ITF5","Basilicata","18_BMI_SOVRA","overweight","THV","thousands value","9","total","2018","2018",185,,
"ITF5","Basilicata","18_BMI_OBE","obese","THV","thousands value","9","total","2017","2017",58,,
"ITF5","Basilicata","18_BMI_OBE","obese","THV","thousands value","9","total","2018","2018",65,,
"ITF5","Basilicata","18_BMI_SOTTO","underweight","HSC","per 100 people with the same characteristics","9","total","2017","2017",2.1,,
"ITF5","Basilicata","18_BMI_SOTTO","underweight","HSC","per 100 people with the same characteristics","9","total","2018","2018",1.7,,
"ITF5","Basilicata","18_BMI_NORMO","normal weight","HSC","per 100 people with the same characteristics","9","total","2017","2017",44.5,,
"ITF5","Basilicata","18_BMI_NORMO","normal weight","HSC","per 100 people with the same characteristics","9","total","2018","2018",45.9,,
"ITF5","Basilicata","18_BMI_SOVRA","overweight","HSC","per 100 people with the same characteristics","9","total","2017","2017",41.2,,
"ITF5","Basilicata","18_BMI_SOVRA","overweight","HSC","per 100 people with the same characteristics","9","total","2018","2018",38.7,,
"ITF5","Basilicata","18_BMI_OBE","obese","HSC","per 100 people with the same characteristics","9","total","2017","2017",12.1,,
"ITF5","Basilicata","18_BMI_OBE","obese","HSC","per 100 people with the same characteristics","9","total","2018","2018",13.6,,
"ITF6","Calabria","18_BMI_SOTTO","underweight","THV","thousands value","9","total","2017","2017",38,,
"ITF6","Calabria","18_BMI_SOTTO","underweight","THV","thousands value","9","total","2018","2018",26,,
"ITF6","Calabria","18_BMI_NORMO","normal weight","THV","thousands value","9","total","2017","2017",805,,
"ITF6","Calabria","18_BMI_NORMO","normal weight","THV","thousands value","9","total","2018","2018",774,,
"ITF6","Calabria","18_BMI_SOVRA","overweight","THV","thousands value","9","total","2017","2017",627,,
"ITF6","Calabria","18_BMI_SOVRA","overweight","THV","thousands value","9","total","2018","2018",635,,
"ITF6","Calabria","18_BMI_OBE","obese","THV","thousands value","9","total","2017","2017",163,,
"ITF6","Calabria","18_BMI_OBE","obese","THV","thousands value","9","total","2018","2018",191,,
"ITF6","Calabria","18_BMI_SOTTO","underweight","HSC","per 100 people with the same characteristics","9","total","2017","2017",2.3,,
"ITF6","Calabria","18_BMI_SOTTO","underweight","HSC","per 100 people with the same characteristics","9","total","2018","2018",1.6,,
"ITF6","Calabria","18_BMI_NORMO","normal weight","HSC","per 100 people with the same characteristics","9","total","2017","2017",49.3,,
"ITF6","Calabria","18_BMI_NORMO","normal weight","HSC","per 100 people with the same characteristics","9","total","2018","2018",47.6,,
"ITF6","Calabria","18_BMI_SOVRA","overweight","HSC","per 100 people with the same characteristics","9","total","2017","2017",38.4,,
"ITF6","Calabria","18_BMI_SOVRA","overweight","HSC","per 100 people with the same characteristics","9","total","2018","2018",39,,
"ITF6","Calabria","18_BMI_OBE","obese","HSC","per 100 people with the same characteristics","9","total","2017","2017",10,,
"ITF6","Calabria","18_BMI_OBE","obese","HSC","per 100 people with the same characteristics","9","total","2018","2018",11.8,,
"ITG","Isole","18_BMI_SOTTO","underweight","THV","thousands value","9","total","2017","2017",166,,
"ITG","Isole","18_BMI_SOTTO","underweight","THV","thousands value","9","total","2018","2018",145,,
"ITG","Isole","18_BMI_NORMO","normal weight","THV","thousands value","9","total","2017","2017",2654,,
"ITG","Isole","18_BMI_NORMO","normal weight","THV","thousands value","9","total","2018","2018",2724,,
"ITG","Isole","18_BMI_SOVRA","overweight","THV","thousands value","9","total","2017","2017",2080,,
"ITG","Isole","18_BMI_SOVRA","overweight","THV","thousands value","9","total","2018","2018",2085,,
"ITG","Isole","18_BMI_OBE","obese","THV","thousands value","9","total","2017","2017",664,,
"ITG","Isole","18_BMI_OBE","obese","THV","thousands value","9","total","2018","2018",600,,
"ITG","Isole","18_BMI_SOTTO","underweight","HSC","per 100 people with the same characteristics","9","total","2017","2017",3,,
"ITG","Isole","18_BMI_SOTTO","underweight","HSC","per 100 people with the same characteristics","9","total","2018","2018",2.6,,
"ITG","Isole","18_BMI_NORMO","normal weight","HSC","per 100 people with the same characteristics","9","total","2017","2017",47.7,,
"ITG","Isole","18_BMI_NORMO","normal weight","HSC","per 100 people with the same characteristics","9","total","2018","2018",49,,
"ITG","Isole","18_BMI_SOVRA","overweight","HSC","per 100 people with the same characteristics","9","total","2017","2017",37.4,,
"ITG","Isole","18_BMI_SOVRA","overweight","HSC","per 100 people with the same characteristics","9","total","2018","2018",37.5,,
"ITG","Isole","18_BMI_OBE","obese","HSC","per 100 people with the same characteristics","9","total","2017","2017",11.9,,
"ITG","Isole","18_BMI_OBE","obese","HSC","per 100 people with the same characteristics","9","total","2018","2018",10.8,,
"ITG1","Sicilia","18_BMI_SOTTO","underweight","THV","thousands value","9","total","2017","2017",123,,
"ITG1","Sicilia","18_BMI_SOTTO","underweight","THV","thousands value","9","total","2018","2018",96,,
"ITG1","Sicilia","18_BMI_NORMO","normal weight","THV","thousands value","9","total","2017","2017",1887,,
"ITG1","Sicilia","18_BMI_NORMO","normal weight","THV","thousands value","9","total","2018","2018",1949,,
"ITG1","Sicilia","18_BMI_SOVRA","overweight","THV","thousands value","9","total","2017","2017",1627,,
"ITG1","Sicilia","18_BMI_SOVRA","overweight","THV","thousands value","9","total","2018","2018",1641,,
"ITG1","Sicilia","18_BMI_OBE","obese","THV","thousands value","9","total","2017","2017",526,,
"ITG1","Sicilia","18_BMI_OBE","obese","THV","thousands value","9","total","2018","2018",473,,
"ITG1","Sicilia","18_BMI_SOTTO","underweight","HSC","per 100 people with the same characteristics","9","total","2017","2017",3,,
"ITG1","Sicilia","18_BMI_SOTTO","underweight","HSC","per 100 people with the same characteristics","9","total","2018","2018",2.3,,
"ITG1","Sicilia","18_BMI_NORMO","normal weight","HSC","per 100 people with the same characteristics","9","total","2017","2017",45.3,,
"ITG1","Sicilia","18_BMI_NORMO","normal weight","HSC","per 100 people with the same characteristics","9","total","2018","2018",46.9,,
"ITG1","Sicilia","18_BMI_SOVRA","overweight","HSC","per 100 people with the same characteristics","9","total","2017","2017",39.1,,
"ITG1","Sicilia","18_BMI_SOVRA","overweight","HSC","per 100 people with the same characteristics","9","total","2018","2018",39.5,,
"ITG1","Sicilia","18_BMI_OBE","obese","HSC","per 100 people with the same characteristics","9","total","2017","2017",12.6,,
"ITG1","Sicilia","18_BMI_OBE","obese","HSC","per 100 people with the same characteristics","9","total","2018","2018",11.4,,
"ITG2","Sardegna","18_BMI_SOTTO","underweight","THV","thousands value","9","total","2017","2017",43,,
"ITG2","Sardegna","18_BMI_SOTTO","underweight","THV","thousands value","9","total","2018","2018",50,,
"ITG2","Sardegna","18_BMI_NORMO","normal weight","THV","thousands value","9","total","2017","2017",767,,
"ITG2","Sardegna","18_BMI_NORMO","normal weight","THV","thousands value","9","total","2018","2018",775,,
"ITG2","Sardegna","18_BMI_SOVRA","overweight","THV","thousands value","9","total","2017","2017",453,,
"ITG2","Sardegna","18_BMI_SOVRA","overweight","THV","thousands value","9","total","2018","2018",443,,
"ITG2","Sardegna","18_BMI_OBE","obese","THV","thousands value","9","total","2017","2017",138,,
"ITG2","Sardegna","18_BMI_OBE","obese","THV","thousands value","9","total","2018","2018",127,,
"ITG2","Sardegna","18_BMI_SOTTO","underweight","HSC","per 100 people with the same characteristics","9","total","2017","2017",3.1,,
"ITG2","Sardegna","18_BMI_SOTTO","underweight","HSC","per 100 people with the same characteristics","9","total","2018","2018",3.6,,
"ITG2","Sardegna","18_BMI_NORMO","normal weight","HSC","per 100 people with the same characteristics","9","total","2017","2017",54.7,,
"ITG2","Sardegna","18_BMI_NORMO","normal weight","HSC","per 100 people with the same characteristics","9","total","2018","2018",55.5,,
"ITG2","Sardegna","18_BMI_SOVRA","overweight","HSC","per 100 people with the same characteristics","9","total","2017","2017",32.3,,
"ITG2","Sardegna","18_BMI_SOVRA","overweight","HSC","per 100 people with the same characteristics","9","total","2018","2018",31.8,,
"ITG2","Sardegna","18_BMI_OBE","obese","HSC","per 100 people with the same characteristics","9","total","2017","2017",9.9,,
"ITG2","Sardegna","18_BMI_OBE","obese","HSC","per 100 people with the same characteristics","9","total","2018","2018",9.1,,
"2","metropolitan area - centre","18_BMI_SOTTO","underweight","THV","thousands value","9","total","2017","2017",243,,
"2","metropolitan area - centre","18_BMI_SOTTO","underweight","THV","thousands value","9","total","2018","2018",286,,
"2","metropolitan area - centre","18_BMI_NORMO","normal weight","THV","thousands value","9","total","2017","2017",4108,,
"2","metropolitan area - centre","18_BMI_NORMO","normal weight","THV","thousands value","9","total","2018","2018",4154,,
"2","metropolitan area - centre","18_BMI_SOVRA","overweight","THV","thousands value","9","total","2017","2017",2513,,
"2","metropolitan area - centre","18_BMI_SOVRA","overweight","THV","thousands value","9","total","2018","2018",2435,,
"2","metropolitan area - centre","18_BMI_SOTTO","underweight","HSC","per 100 people with the same characteristics","9","total","2017","2017",3.2,,
"2","metropolitan area - centre","18_BMI_SOTTO","underweight","HSC","per 100 people with the same characteristics","9","total","2018","2018",3.7,,
"2","metropolitan area - centre","18_BMI_NORMO","normal weight","HSC","per 100 people with the same characteristics","9","total","2017","2017",54.6,,
"2","metropolitan area - centre","18_BMI_NORMO","normal weight","HSC","per 100 people with the same characteristics","9","total","2018","2018",54.4,,
"2","metropolitan area - centre","18_BMI_SOVRA","overweight","HSC","per 100 people with the same characteristics","9","total","2017","2017",33.4,,
"2","metropolitan area - centre","18_BMI_SOVRA","overweight","HSC","per 100 people with the same characteristics","9","total","2018","2018",31.9,,
"2","metropolitan area - centre","18_BMI_OBE","obese","HSC","per 100 people with the same characteristics","9","total","2017","2017",8.8,,
"2","metropolitan area - centre","18_BMI_OBE","obese","HSC","per 100 people with the same characteristics","9","total","2018","2018",9.9,,
"3","metropolitan area - suburbs","18_BMI_SOTTO","underweight","THV","thousands value","9","total","2017","2017",204,,
"3","metropolitan area - suburbs","18_BMI_SOTTO","underweight","THV","thousands value","9","total","2018","2018",206,,
"3","metropolitan area - suburbs","18_BMI_NORMO","normal weight","THV","thousands value","9","total","2017","2017",3061,,
"3","metropolitan area - suburbs","18_BMI_NORMO","normal weight","THV","thousands value","9","total","2018","2018",3483,,
"3","metropolitan area - suburbs","18_BMI_SOVRA","overweight","THV","thousands value","9","total","2017","2017",2278,,
"3","metropolitan area - suburbs","18_BMI_SOVRA","overweight","THV","thousands value","9","total","2018","2018",2576,,
"3","metropolitan area - suburbs","18_BMI_OBE","obese","THV","thousands value","9","total","2017","2017",680,,
"3","metropolitan area - suburbs","18_BMI_OBE","obese","THV","thousands value","9","total","2018","2018",729,,
"3","metropolitan area - suburbs","18_BMI_SOTTO","underweight","HSC","per 100 people with the same characteristics","9","total","2017","2017",3.3,,
"3","metropolitan area - suburbs","18_BMI_SOTTO","underweight","HSC","per 100 people with the same characteristics","9","total","2018","2018",2.9,,
"3","metropolitan area - suburbs","18_BMI_NORMO","normal weight","HSC","per 100 people with the same characteristics","9","total","2017","2017",49.2,,
"3","metropolitan area - suburbs","18_BMI_NORMO","normal weight","HSC","per 100 people with the same characteristics","9","total","2018","2018",49.8,,
"3","metropolitan area - suburbs","18_BMI_OBE","obese","HSC","per 100 people with the same characteristics","9","total","2017","2017",10.9,,
"3","metropolitan area - suburbs","18_BMI_OBE","obese","HSC","per 100 people with the same characteristics","9","total","2018","2018",10.4,,
"6","until 2,000 inhab.","18_BMI_SOTTO","underweight","THV","thousands value","9","total","2017","2017",99,,
"6","until 2,000 inhab.","18_BMI_SOTTO","underweight","THV","thousands value","9","total","2018","2018",56,,
"6","until 2,000 inhab.","18_BMI_NORMO","normal weight","THV","thousands value","9","total","2017","2017",1372,,
"6","until 2,000 inhab.","18_BMI_NORMO","normal weight","THV","thousands value","9","total","2018","2018",1321,,
"6","until 2,000 inhab.","18_BMI_SOVRA","overweight","THV","thousands value","9","total","2017","2017",970,,
"6","until 2,000 inhab.","18_BMI_SOVRA","overweight","THV","thousands value","9","total","2018","2018",1034,,
"6","until 2,000 inhab.","18_BMI_OBE","obese","THV","thousands value","9","total","2017","2017",334,,
"6","until 2,000 inhab.","18_BMI_OBE","obese","THV","thousands value","9","total","2018","2018",317,,
"6","until 2,000 inhab.","18_BMI_SOTTO","underweight","HSC","per 100 people with the same characteristics","9","total","2017","2017",3.6,,
"6","until 2,000 inhab.","18_BMI_SOTTO","underweight","HSC","per 100 people with the same characteristics","9","total","2018","2018",2.1,,
"6","until 2,000 inhab.","18_BMI_NORMO","normal weight","HSC","per 100 people with the same characteristics","9","total","2017","2017",49.5,,
"6","until 2,000 inhab.","18_BMI_NORMO","normal weight","HSC","per 100 people with the same characteristics","9","total","2018","2018",48.4,,
"6","until 2,000 inhab.","18_BMI_SOVRA","overweight","HSC","per 100 people with the same characteristics","9","total","2017","2017",34.9,,
"6","until 2,000 inhab.","18_BMI_SOVRA","overweight","HSC","per 100 people with the same characteristics","9","total","2018","2018",37.9,,
"6","until 2,000 inhab.","18_BMI_OBE","obese","HSC","per 100 people with the same characteristics","9","total","2017","2017",12,,
"6","until 2,000 inhab.","18_BMI_OBE","obese","HSC","per 100 people with the same characteristics","9","total","2018","2018",11.6,,
"7","2,001 - 10,000 inhab.","18_BMI_NORMO","normal weight","THV","thousands value","9","total","2017","2017",5902,,
"7","2,001 - 10,000 inhab.","18_BMI_NORMO","normal weight","THV","thousands value","9","total","2018","2018",5661,,
"7","2,001 - 10,000 inhab.","18_BMI_SOVRA","overweight","THV","thousands value","9","total","2017","2017",4166,,
"7","2,001 - 10,000 inhab.","18_BMI_SOVRA","overweight","THV","thousands value","9","total","2018","2018",4018,,
"7","2,001 - 10,000 inhab.","18_BMI_OBE","obese","THV","thousands value","9","total","2017","2017",1319,,
"7","2,001 - 10,000 inhab.","18_BMI_OBE","obese","THV","thousands value","9","total","2018","2018",1272,,
"7","2,001 - 10,000 inhab.","18_BMI_SOTTO","underweight","HSC","per 100 people with the same characteristics","9","total","2017","2017",3.2,,
"7","2,001 - 10,000 inhab.","18_BMI_SOTTO","underweight","HSC","per 100 people with the same characteristics","9","total","2018","2018",3.4,,
"7","2,001 - 10,000 inhab.","18_BMI_NORMO","normal weight","HSC","per 100 people with the same characteristics","9","total","2017","2017",50.2,,
"7","2,001 - 10,000 inhab.","18_BMI_NORMO","normal weight","HSC","per 100 people with the same characteristics","9","total","2018","2018",49.9,,
"7","2,001 - 10,000 inhab.","18_BMI_SOVRA","overweight","HSC","per 100 people with the same characteristics","9","total","2017","2017",35.4,,
"7","2,001 - 10,000 inhab.","18_BMI_SOVRA","overweight","HSC","per 100 people with the same characteristics","9","total","2018","2018",35.4,,
"8","10,001 - 50,000 inhab.","18_BMI_SOTTO","underweight","THV","thousands value","9","total","2017","2017",384,,
"8","10,001 - 50,000 inhab.","18_BMI_SOTTO","underweight","THV","thousands value","9","total","2018","2018",388,,
"8","10,001 - 50,000 inhab.","18_BMI_NORMO","normal weight","THV","thousands value","9","total","2017","2017",6886,,
"8","10,001 - 50,000 inhab.","18_BMI_NORMO","normal weight","THV","thousands value","9","total","2018","2018",6513,,
"8","10,001 - 50,000 inhab.","18_BMI_SOVRA","overweight","THV","thousands value","9","total","2017","2017",4858,,
"8","10,001 - 50,000 inhab.","18_BMI_SOVRA","overweight","THV","thousands value","9","total","2018","2018",4733,,
"8","10,001 - 50,000 inhab.","18_BMI_SOTTO","underweight","HSC","per 100 people with the same characteristics","9","total","2017","2017",2.8,,
"8","10,001 - 50,000 inhab.","18_BMI_SOTTO","underweight","HSC","per 100 people with the same characteristics","9","total","2018","2018",3,,
"8","10,001 - 50,000 inhab.","18_BMI_NORMO","normal weight","HSC","per 100 people with the same characteristics","9","total","2017","2017",50.5,,
"8","10,001 - 50,000 inhab.","18_BMI_NORMO","normal weight","HSC","per 100 people with the same characteristics","9","total","2018","2018",49.9,,
"8","10,001 - 50,000 inhab.","18_BMI_SOVRA","overweight","HSC","per 100 people with the same characteristics","9","total","2017","2017",35.6,,
"8","10,001 - 50,000 inhab.","18_BMI_SOVRA","overweight","HSC","per 100 people with the same characteristics","9","total","2018","2018",36.2,,
"8","10,001 - 50,000 inhab.","18_BMI_OBE","obese","HSC","per 100 people with the same characteristics","9","total","2017","2017",11,,
"8","10,001 - 50,000 inhab.","18_BMI_OBE","obese","HSC","per 100 people with the same characteristics","9","total","2018","2018",10.9,,
"9","50,001 inhab. and over","18_BMI_SOTTO","underweight","THV","thousands value","9","total","2017","2017",268,,
"9","50,001 inhab. and over","18_BMI_SOTTO","underweight","THV","thousands value","9","total","2018","2018",261,,
"9","50,001 inhab. and over","18_BMI_NORMO","normal weight","THV","thousands value","9","total","2017","2017",4328,,
"9","50,001 inhab. and over","18_BMI_NORMO","normal weight","THV","thousands value","9","total","2018","2018",4388,,
"9","50,001 inhab. and over","18_BMI_SOVRA","overweight","THV","thousands value","9","total","2017","2017",3060,,
"9","50,001 inhab. and over","18_BMI_SOVRA","overweight","THV","thousands value","9","total","2018","2018",3010,,
"9","50,001 inhab. and over","18_BMI_OBE","obese","THV","thousands value","9","total","2017","2017",813,,
"9","50,001 inhab. and over","18_BMI_OBE","obese","THV","thousands value","9","total","2018","2018",873,,
"9","50,001 inhab. and over","18_BMI_SOTTO","underweight","HSC","per 100 people with the same characteristics","9","total","2017","2017",3.2,,
"9","50,001 inhab. and over","18_BMI_SOTTO","underweight","HSC","per 100 people with the same characteristics","9","total","2018","2018",3.1,,
"9","50,001 inhab. and over","18_BMI_NORMO","normal weight","HSC","per 100 people with the same characteristics","9","total","2017","2017",51.1,,
"9","50,001 inhab. and over","18_BMI_NORMO","normal weight","HSC","per 100 people with the same characteristics","9","total","2018","2018",51.4,,
"9","50,001 inhab. and over","18_BMI_SOVRA","overweight","HSC","per 100 people with the same characteristics","9","total","2017","2017",36.1,,
"9","50,001 inhab. and over","18_BMI_SOVRA","overweight","HSC","per 100 people with the same characteristics","9","total","2018","2018",35.3,,
"9","50,001 inhab. and over","18_BMI_OBE","obese","HSC","per 100 people with the same characteristics","9","total","2017","2017",9.6,,
"9","50,001 inhab. and over","18_BMI_OBE","obese","HSC","per 100 people with the same characteristics","9","total","2018","2018",10.2,,
"2","metropolitan area - centre","18_BMI_OBE","obese","THV","thousands value","9","total","2017","2017",666,,
"2","metropolitan area - centre","18_BMI_OBE","obese","THV","thousands value","9","total","2018","2018",760,,
"7","2,001 - 10,000 inhab.","18_BMI_OBE","obese","HSC","per 100 people with the same characteristics","9","total","2017","2017",11.2,,
"7","2,001 - 10,000 inhab.","18_BMI_OBE","obese","HSC","per 100 people with the same characteristics","9","total","2018","2018",11.2,,
"8","10,001 - 50,000 inhab.","18_BMI_OBE","obese","THV","thousands value","9","total","2017","2017",1503,,
"8","10,001 - 50,000 inhab.","18_BMI_OBE","obese","THV","thousands value","9","total","2018","2018",1428,,
"7","2,001 - 10,000 inhab.","18_BMI_SOTTO","underweight","THV","thousands value","9","total","2017","2017",372,,
"7","2,001 - 10,000 inhab.","18_BMI_SOTTO","underweight","THV","thousands value","9","total","2018","2018",384,,
"3","metropolitan area - suburbs","18_BMI_SOVRA","overweight","HSC","per 100 people with the same characteristics","9","total","2017","2017",36.6,,
"3","metropolitan area - suburbs","18_BMI_SOVRA","overweight","HSC","per 100 people with the same characteristics","9","total","2018","2018",36.8,,
